"Deidentified.ID","subjType","noArmPain"
"D4713","Acute (Inpatient)",1
"D4713","",1
"D4713","",0
"D4713","",0
"D4605","Acute (Inpatient)",0
"D9425","Non-Acute (Outpatient)",0
"D6283","Acute (Inpatient)",0
"D6283","",0
"D6283","",0
"D8064","Acute (Inpatient)",1
"D4016","Non-Acute (Outpatient)",1
"D3214","Non-Acute (Outpatient)",1
"D3214","",0
"D3788","Non-Acute (Outpatient)",0
"D3788","",0
"D7189","Non-Acute (Outpatient)",1
"D7189","",0
"D1931","Acute (Inpatient)",1
"D1931","",0
"D4900","Acute (Inpatient)",0
"D4900","",0
"D4900","",0
"D1208","Acute (Inpatient)",0
"D1208","",0
"D1400","Non-Acute (Outpatient)",1
"D1400","",0
"D9472","Non-Acute (Outpatient)",0
"D9472","",1
"D6309","Acute (Inpatient)",1
"D6309","",0
"D4387","Acute (Inpatient)",1
"D4387","",1
"D7077","Non-Acute (Outpatient)",1
"D7077","",0
"D5296","Acute (Inpatient)",1
"D5296","",0
"D5296","",0
"D6524","Non-Acute (Outpatient)",0
"D6524","",0
"D7782","Acute (Inpatient)",1
"D7782","",0
"D6180","Non-Acute (Outpatient)",0
"D5021","Acute (Inpatient)",0
"D5021","",0
"D4854","Non-Acute (Outpatient)",1
"D1102","Acute (Inpatient)",1
"D1102","",0
"D1102","",1
"D9165","Acute (Inpatient)",1
"D4326","Non-Acute (Outpatient)",0
"D4270","Acute (Inpatient)",1
"D4270","",0
"D0293","Acute (Inpatient)",0
"D5104","Acute (Inpatient)",1
"D5104","",0
"D9637","Acute (Inpatient)",0
"D9637","",0
"D2754","Acute (Inpatient)",0
"D2754","",0
"D2754","",0
"D7434","Non-Acute (Outpatient)",1
"D1168","Acute (Inpatient)",1
"D1168","",0
"D1168","",0
"D7693","Acute (Inpatient)",1
"D7657","Acute (Inpatient)",1
"D5408","Acute (Inpatient)",1
"D5408","",0
"D5408","",0
"D1694","Acute (Inpatient)",1
"D9301","Acute (Inpatient)",0
"D9301","",1
"D2082","Acute (Inpatient)",1
"D2082","",0
"D0198","Acute (Inpatient)",1
"D0198","",0
"D0198","",1
"D6016","Acute (Inpatient)",0
"D6016","",0
"D6016","",0
"D6074","Acute (Inpatient)",1
"D6074","",1
"D4689","Acute (Inpatient)",1
"D4689","",0
"D4689","",0
"D4689","",0
"D5963","Non-Acute (Outpatient)",0
"D5963","",0
"D7234","Acute (Inpatient)",1
"D7234","",0
"D4081","Acute (Inpatient)",0
"D4081","",1
"D5976","Non-Acute (Outpatient)",0
"D5976","",1
"D4257","Acute (Inpatient)",0
"D4257","",0
"D4257","",0
"D1219","Acute (Inpatient)",1
"D3500","Acute (Inpatient)",1
"D5467","Acute (Inpatient)",1
"D5467","",0
"D5467","",0
"D1271","Acute (Inpatient)",1
"D1271","",0
"D1271","",1
"D1271","",0
"D0815","Acute (Inpatient)",1
"D0815","",0
"D2895","Acute (Inpatient)",0
"D6768","Acute (Inpatient)",1
"D4570","Acute (Inpatient)",1
"D4570","",0
"D4570","",0
"D4992","Non-Acute (Outpatient)",1
"D0585","Non-Acute (Outpatient)",0
"D0736","Non-Acute (Outpatient)",1
"D3379","Non-Acute (Outpatient)",0
"D3361","Non-Acute (Outpatient)",0
"D9849","Non-Acute (Outpatient)",1
"D7516","Non-Acute (Outpatient)",0
"D6465","Acute (Inpatient)",1
"D8828","Acute (Inpatient)",0
"D5119","Acute (Inpatient)",1
"D5119","",0
"D5119","",0
"D5119","",0
"D3762","Acute (Inpatient)",0
"D8837","Non-Acute (Outpatient)",0
"D8837","",1
"D2458","Acute (Inpatient)",1
"D2458","",0
"D1640","Non-Acute (Outpatient)",0
"D6586","Acute (Inpatient)",1
"D6586","",1
"D2556","Acute (Inpatient)",1
"D2556","",0
"D2556","",0
"D2556","",0
"D2556","",0
"D1576","Acute (Inpatient)",1
"D1576","",1
"D2766","Non-Acute (Outpatient)",1
"D2987","Acute (Inpatient)",1
"D2987","",0
"D0060","Acute (Inpatient)",1
"D2287","Acute (Inpatient)",1
"D6701","Acute (Inpatient)",1
"D9816","Acute (Inpatient)",1
"D9816","",0
"D9816","",0
"D2562","Acute (Inpatient)",1
"D2562","",0
"D2562","",0
"D2562","",0
"D6192","Acute (Inpatient)",1
"D9718","Acute (Inpatient)",1
"D4922","Acute (Inpatient)",1
"D4922","",0
"D3010","Acute (Inpatient)",0
"D5971","Non-Acute (Outpatient)",0
"D5434","Non-Acute (Outpatient)",0
"D5434","",0
"D1298","Acute (Inpatient)",1
"D1298","",1
"D5522","Non-Acute (Outpatient)",0
"D1491","Acute (Inpatient)",1
"D1491","",0
"D2586","Acute (Inpatient)",1
"D2586","",0
"D5287","Acute (Inpatient)",1
"D5287","",0
"D8133","Non-Acute (Outpatient)",0
"D8133","",0
"D5008","Acute (Inpatient)",1
"D8939","Acute (Inpatient)",1
"D9507","Acute (Inpatient)",1
"D4624","Non-Acute (Outpatient)",0
"D2876","Acute (Inpatient)",0
"D9263","Acute (Inpatient)",0
"D4963","Acute (Inpatient)",1
"D4963","",0
"D4963","",0
"D8773","Acute (Inpatient)",1
"D8773","",0
"D8773","",0
"D2133","Acute (Inpatient)",1
"D1144","Acute (Inpatient)",1
"D1144","",1
"D1244","Non-Acute (Outpatient)",0
"D5741","Non-Acute (Outpatient)",1
"D3741","Non-Acute (Outpatient)",1
"D3741","",0
"D3741","",0
"D7546","Non-Acute (Outpatient)",0
"D4556","Acute (Inpatient)",1
"D4556","",0
"D7060","Non-Acute (Outpatient)",0
"D9295","Acute (Inpatient)",1
"D9295","",1
"D8204","Non-Acute (Outpatient)",0
"D8204","",0
"D0399","Acute (Inpatient)",1
"D0399","",0
"D9661","Acute (Inpatient)",0
"D9661","",0
"D8879","Non-Acute (Outpatient)",0
"D6388","Non-Acute (Outpatient)",0
"D0110","Acute (Inpatient)",1
"D0110","",0
"D9772","Non-Acute (Outpatient)",1
"D3855","Acute (Inpatient)",0
"D3997","Non-Acute (Outpatient)",0
"D5103","Acute (Inpatient)",1
"D5103","",0
"D5103","",0
"D5516","Non-Acute (Outpatient)",1
"D5516","",0
"D9588","Acute (Inpatient)",1
"D9588","",0
"D8554","Non-Acute (Outpatient)",0
"D4767","Non-Acute (Outpatient)",0
"D4767","",0
"D8778","Acute (Inpatient)",1
"D8778","",0
"D8778","",0
"D3899","Non-Acute (Outpatient)",0
"D0492","Acute (Inpatient)",1
"D3075","Non-Acute (Outpatient)",0
"D3075","",0
"D3202","Acute (Inpatient)",1
"D3202","",0
"D4613","Acute (Inpatient)",1
"D4881","Acute (Inpatient)",1
"D7067","Acute (Inpatient)",1
"D7067","",0
"D3673","Acute (Inpatient)",1
"D3673","",0
"D3673","",0
"D3673","",0
"D9414","Acute (Inpatient)",0
"D2682","Non-Acute (Outpatient)",1
"D7454","Acute (Inpatient)",1
"D7454","",0
"D7454","",0
"D7454","",1
"D9090","Acute (Inpatient)",1
"D9090","",0
"D9090","",0
"D5845","Non-Acute (Outpatient)",0
"D9065","Acute (Inpatient)",1
"D9065","",0
"D0567","Non-Acute (Outpatient)",1
"D5567","Acute (Inpatient)",1
"D0030","Acute (Inpatient)",1
"D0030","",1
"D1532","Acute (Inpatient)",1
"D1532","",0
"D4075","Acute (Inpatient)",0
"D4075","",0
"D2335","Non-Acute (Outpatient)",1
"D5353","Non-Acute (Outpatient)",0
"D5353","",0
"D3116","Acute (Inpatient)",0
"D7086","Acute (Inpatient)",1
"D7086","",0
"D5871","Acute (Inpatient)",1
"D2392","Non-Acute (Outpatient)",0
"D0641","Non-Acute (Outpatient)",0
"D0034","Acute (Inpatient)",1
"D0034","",0
"D1891","Acute (Inpatient)",1
"D1891","",0
"D4912","Non-Acute (Outpatient)",1
"D6165","Acute (Inpatient)",1
"D1228","Acute (Inpatient)",0
"D1228","",0
"D1331","Acute (Inpatient)",1
"D1331","",0
"D1331","",0
"D3142","Acute (Inpatient)",0
"D3142","",0
"D0879","Acute (Inpatient)",1
"D4088","Acute (Inpatient)",1
"D4088","",0
"D2823","Acute (Inpatient)",1
"D2823","",0
"D6306","Non-Acute (Outpatient)",0
"D2198","Acute (Inpatient)",1
"D2198","",0
"D6542","Acute (Inpatient)",1
"D6542","",0
"D1935","Acute (Inpatient)",1
"D0946","Acute (Inpatient)",0
"D0946","",0
"D9183","Acute (Inpatient)",1
"D5582","Acute (Inpatient)",1
"D5582","",0
"D4176","Acute (Inpatient)",1
"D1105","Non-Acute (Outpatient)",1
"D5527","Acute (Inpatient)",1
"D5527","",0
"D2360","Acute (Inpatient)",1
"D2360","",0
"D1387","Acute (Inpatient)",1
"D1387","",1
"D1387","",0
"D3283","Acute (Inpatient)",1
"D3465","Acute (Inpatient)",0
"D8883","Non-Acute (Outpatient)",0
"D7900","Non-Acute (Outpatient)",0
"D0745","Acute (Inpatient)",1
"D4198","Non-Acute (Outpatient)",0
"D4198","",0
"D3967","Acute (Inpatient)",1
"D3967","",0
"D4129","Acute (Inpatient)",1
"D4129","",1
"D4129","",0
"D9739","Non-Acute (Outpatient)",1
"D2379","Acute (Inpatient)",0
"D2379","",0
"D1086","Non-Acute (Outpatient)",1
"D8000","Acute (Inpatient)",1
"D8000","",0
"D0449","Acute (Inpatient)",0
"D0449","",0
"D0449","",0
"D9599","Acute (Inpatient)",1
"D8016","Acute (Inpatient)",1
"D9605","Acute (Inpatient)",0
"D9605","",0
"D6082","Acute (Inpatient)",0
"D6082","",1
"D9890","Acute (Inpatient)",0
"D5625","Acute (Inpatient)",1
"D5625","",0
"D4959","Non-Acute (Outpatient)",1
"D2531","Acute (Inpatient)",1
"D2531","",0
"D1960","Acute (Inpatient)",1
"D1960","",0
"D4927","Acute (Inpatient)",1
"D4927","",0
"D7109","Acute (Inpatient)",0
"D7109","",0
"D9876","Non-Acute (Outpatient)",0
"D3346","Non-Acute (Outpatient)",1
"D2202","Non-Acute (Outpatient)",0
"D3453","Non-Acute (Outpatient)",1
"D3453","",0
"D0916","Non-Acute (Outpatient)",1
"D6316","Non-Acute (Outpatient)",1
"D6316","",0
"D3782","Acute (Inpatient)",0
"D8873","Acute (Inpatient)",1
"D4265","Acute (Inpatient)",1
"D8907","Non-Acute (Outpatient)",1
"D2243","Acute (Inpatient)",1
"D7969","Non-Acute (Outpatient)",1
"D7969","",0
"D8582","Non-Acute (Outpatient)",1
"D4271","Acute (Inpatient)",1
"D4271","",0
"D5889","Non-Acute (Outpatient)",1
"D0917","Acute (Inpatient)",1
"D0917","",0
"D0917","",0
"D2506","Acute (Inpatient)",1
"D2506","",0
"D5938","Acute (Inpatient)",0
"D5938","",0
"D5206","Non-Acute (Outpatient)",0
"D5206","",0
"D9140","Acute (Inpatient)",1
"D6633","Acute (Inpatient)",1
"D6633","",0
"D4997","Non-Acute (Outpatient)",1
"D6348","Non-Acute (Outpatient)",1
"D0864","Non-Acute (Outpatient)",1
"D0864","",0
"D0409","Acute (Inpatient)",1
"D0409","",0
"D0409","",0
"D7515","Non-Acute (Outpatient)",0
"D7515","",0
"D3238","Acute (Inpatient)",1
"D3238","",0
"D0665","Acute (Inpatient)",0
"D9232","Acute (Inpatient)",1
"D9232","",0
"D0544","Acute (Inpatient)",0
"D0680","Acute (Inpatient)",1
"D5735","Acute (Inpatient)",1
"D4392","Non-Acute (Outpatient)",0
"D0274","Non-Acute (Outpatient)",0
"D0497","Non-Acute (Outpatient)",0
"D2386","Non-Acute (Outpatient)",1
"D2386","",0
"D1273","Non-Acute (Outpatient)",1
"D6303","Non-Acute (Outpatient)",1
"D4764","Acute (Inpatient)",1
"D4764","",0
"D4764","",1
"D1100","Non-Acute (Outpatient)",1
"D1100","",0
"D4354","Non-Acute (Outpatient)",1
"D9018","Acute (Inpatient)",1
"D5658","Acute (Inpatient)",0
"D5658","",0
"D7306","Acute (Inpatient)",1
"D7306","",0
"D7306","",0
"D9809","Non-Acute (Outpatient)",0
"D9809","",0
"D5882","Non-Acute (Outpatient)",1
"D5032","Acute (Inpatient)",1
"D5316","Acute (Inpatient)",1
"D6063","Acute (Inpatient)",0
"D7643","Non-Acute (Outpatient)",1
"D6006","Acute (Inpatient)",0
"D7226","Acute (Inpatient)",1
"D4352","Non-Acute (Outpatient)",1
"D4352","",0
"D1767","Non-Acute (Outpatient)",1
"D8764","Non-Acute (Outpatient)",1
"D8764","",0
"D2517","Acute (Inpatient)",1
"D2517","",0
"D3565","Non-Acute (Outpatient)",0
"D3034","Acute (Inpatient)",0
"D9677","Acute (Inpatient)",0
"D1923","Acute (Inpatient)",0
"D0979","Non-Acute (Outpatient)",0
"D6938","Non-Acute (Outpatient)",0
"D0961","Non-Acute (Outpatient)",0
"D1994","Non-Acute (Outpatient)",0
"D1994","",0
"D6070","Acute (Inpatient)",1
"D6070","",0
"D6070","",0
"D7097","Acute (Inpatient)",1
"D8905","Acute (Inpatient)",1
"D8905","",0
"D6026","Non-Acute (Outpatient)",0
"D8624","Acute (Inpatient)",1
"D6759","Acute (Inpatient)",1
"D6759","",0
"D7850","Acute (Inpatient)",1
"D7850","",0
"D5366","Acute (Inpatient)",1
"D0045","Non-Acute (Outpatient)",1
"D1986","Non-Acute (Outpatient)",0
"D5583","Non-Acute (Outpatient)",1
"D5583","",1
"D3851","Acute (Inpatient)",0
"D3851","",0
"D6468","Acute (Inpatient)",0
"D6468","",0
"D6468","",0
"D5857","Acute (Inpatient)",0
"D7663","Acute (Inpatient)",0
"D1747","Acute (Inpatient)",0
"D1747","",0
"D1747","",0
"D1747","",0
"D5031","",0
"D5031","",0
"D5031","",0
"D5031","",0
"D3827","",0
"D3827","",0
"D3827","",0
"D3827","",0
"D9360","",0
"D8927","",0
"D4435","",0
"D9094","",0
"D3733","",0
"D1163","",0
"D5251","",0
"D3411","",0
"D8494","",0
"D1863","",0
"D2088","",0
"D5304","Non-Acute (Outpatient)",0
"D5304","",0
"D0843","",0
"D2408","",0
"D6345","Non-Acute (Outpatient)",0
"D1111","",0
"D6073","",0
"D8897","",1
"D4907","",0
"D3135","",0
"D7621","",0
"D9545","",0
"D6459","",0
"D4853","",0
"D4382","",0
"D1864","",0
"D1864","",1
"D4431","",0
"D8611","",0
"D7164","",0
"D7164","",0
"D6203","",0
"D0898","",0
"D1118","",0
"D5756","",0
"D4617","",0
"D5454","",0
"D5454","",1
"D0381","",0
"D5793","",0
"D6290","",0
"D4819","",0
"D1606","",0
"D7544","",0
"D7935","",0
"D2914","",0
"D5076","",0
"D2380","",0
"D1927","",0
"D1927","",1
"D8087","",0
"D8087","",0
"D0667","",0
"D1959","",0
"D1959","",0
"D9747","Acute (Inpatient)",0
"D5751","Non-Acute (Outpatient)",0
"D5751","",0
"D5751","",1
"D5832","",0
"D9500","",0
"D1001","",0
"D8787","",0
"D8914","",0
"D2141","",0
"D2141","",0
"D1670","Acute (Inpatient)",0
"D1670","",0
"D6461","",0
"D1804","",0
"D1166","Acute (Inpatient)",0
"D3653","",0
"D3653","",0
"D4024","",0
"D0899","",0
"D6837","",0
"D5469","Acute (Inpatient)",0
"D9859","",0
"D2128","",0
"D9189","Acute (Inpatient)",0
"D9189","",0
"D6651","",0
"D7435","Non-Acute (Outpatient)",1
"D3785","Non-Acute (Outpatient)",1
"D4748","Acute (Inpatient)",1
"D4748","",0
"D1063","Non-Acute (Outpatient)",0
"D1063","",0
"D4451","Acute (Inpatient)",1
"D6682","Acute (Inpatient)",1
"D6682","",0
"D7282","Acute (Inpatient)",1
"D2857","Acute (Inpatient)",1
"D2857","",0
"D5937","Acute (Inpatient)",1
"D3705","Non-Acute (Outpatient)",1
"D7956","Acute (Inpatient)",1
"D7956","",0
"D9927","Acute (Inpatient)",1
"D7760","Acute (Inpatient)",1
"D7760","",0
"D0074","Non-Acute (Outpatient)",0
"D8889","Acute (Inpatient)",0
"D8641","Acute (Inpatient)",0
"D6976","Acute (Inpatient)",1
"D8850","Acute (Inpatient)",1
"D4656","Non-Acute (Outpatient)",0
"D3716","Non-Acute (Outpatient)",0
"D3716","",0
"D0831","Acute (Inpatient)",1
"D0831","",0
"D9972","Acute (Inpatient)",1
"D8698","Acute (Inpatient)",1
"D8698","",0
"D0001","Non-Acute (Outpatient)",0
"D6800","Non-Acute (Outpatient)",1
"D6549","Acute (Inpatient)",0
"D4118","Non-Acute (Outpatient)",0
"D3883","Acute (Inpatient)",1
"D4521","Non-Acute (Outpatient)",1
"D0268","Acute (Inpatient)",1
"D4253","Acute (Inpatient)",1
"D4253","",0
"D1058","Acute (Inpatient)",1
"D1058","",0
"D0432","Acute (Inpatient)",1
"D0432","",0
"D0432","",0
"D0432","",0
"D5561","Acute (Inpatient)",1
"D5561","",0
"D6113","Acute (Inpatient)",1
"D6113","",0
"D6113","",0
"D7388","Acute (Inpatient)",1
"D2569","Acute (Inpatient)",1
"D2569","",0
"D7262","Acute (Inpatient)",1
"D7132","Acute (Inpatient)",1
"D7132","",0
"D5038","Acute (Inpatient)",1
"D5038","",0
"D5038","",0
"D7794","Acute (Inpatient)",0
"D7794","",0
"D4949","Acute (Inpatient)",1
"D4949","",1
"D7615","Acute (Inpatient)",1
"D7615","",0
"D6670","Acute (Inpatient)",1
"D9781","Acute (Inpatient)",0
"D9781","",1
"D1171","Acute (Inpatient)",0
"D1171","",0
"D8693","Acute (Inpatient)",1
"D8693","",0
"D8693","",0
"D8693","",0
"D5678","Acute (Inpatient)",1
"D5678","",0
"D1202","Non-Acute (Outpatient)",0
"D9703","Acute (Inpatient)",1
"D8399","Non-Acute (Outpatient)",0
"D0624","Non-Acute (Outpatient)",0
"D2781","Acute (Inpatient)",1
"D2781","",0
"D2781","",0
"D2781","",1
"D4096","Acute (Inpatient)",1
"D4096","",0
"D6268","Non-Acute (Outpatient)",1
"D9191","Acute (Inpatient)",1
"D4152","Non-Acute (Outpatient)",0
"D7115","Acute (Inpatient)",1
"D9708","Acute (Inpatient)",1
"D4355","Acute (Inpatient)",1
"D4355","",0
"D6354","Acute (Inpatient)",1
"D6354","",0
"D6354","",0
"D9015","Acute (Inpatient)",1
"D9015","",0
"D9015","",0
"D8715","Acute (Inpatient)",0
"D1428","Acute (Inpatient)",0
"D2006","Non-Acute (Outpatient)",1
"D2006","",0
"D2006","",0
"D6209","Acute (Inpatient)",1
"D7750","Acute (Inpatient)",0
"D2468","Acute (Inpatient)",0
"D2468","",0
"D3695","Acute (Inpatient)",1
"D4564","Acute (Inpatient)",0
"D4564","",0
"D1709","Non-Acute (Outpatient)",1
"D7456","Acute (Inpatient)",0
"D7456","",0
"D0980","Acute (Inpatient)",1
"D0980","",0
"D0980","",0
"D0980","",0
"D0980","",0
"D8902","Acute (Inpatient)",1
"D8902","",0
"D0821","Acute (Inpatient)",0
"D0821","",0
"D7815","Acute (Inpatient)",1
"D8486","Acute (Inpatient)",1
"D8486","",0
"D8486","",0
"D4509","Acute (Inpatient)",1
"D4509","",0
"D4509","",0
"D6053","Non-Acute (Outpatient)",0
"D3545","Non-Acute (Outpatient)",0
"D3545","",0
"D7591","Acute (Inpatient)",1
"D5894","Acute (Inpatient)",1
"D5894","",0
"D6116","Acute (Inpatient)",0
"D8431","Acute (Inpatient)",0
"D8431","",0
"D8431","",0
"D4936","Acute (Inpatient)",1
"D4936","",0
"D6228","Non-Acute (Outpatient)",1
"D5622","Acute (Inpatient)",0
"D5622","",0
"D7216","Acute (Inpatient)",1
"D7216","",0
"D5468","Acute (Inpatient)",0
"D5468","",0
"D7844","Acute (Inpatient)",1
"D4464","Acute (Inpatient)",1
"D4464","",0
"D9119","Acute (Inpatient)",0
"D0866","Acute (Inpatient)",0
"D9989","Non-Acute (Outpatient)",1
"D7276","Acute (Inpatient)",0
"D5584","Acute (Inpatient)",1
"D5584","",0
"D1429","Non-Acute (Outpatient)",1
"D8376","Acute (Inpatient)",0
"D4174","Non-Acute (Outpatient)",1
"D2732","Acute (Inpatient)",0
"D3147","Acute (Inpatient)",1
"D3147","",0
"D5817","Acute (Inpatient)",1
"D5817","",1
"D6893","Non-Acute (Outpatient)",1
"D8638","Acute (Inpatient)",1
"D8638","",0
"D2109","Acute (Inpatient)",1
"D5068","Acute (Inpatient)",0
"D4251","Non-Acute (Outpatient)",0
"D2397","Acute (Inpatient)",1
"D2397","",0
"D2397","",0
"D7575","Acute (Inpatient)",1
"D7575","",0
"D7919","Acute (Inpatient)",1
"D3859","Acute (Inpatient)",1
"D3859","",0
"D3181","Acute (Inpatient)",1
"D3181","",0
"D4809","Acute (Inpatient)",1
"D4809","",0
"D2785","Non-Acute (Outpatient)",1
"D1581","Acute (Inpatient)",1
"D3954","Non-Acute (Outpatient)",0
"D2855","Non-Acute (Outpatient)",1
"D2431","Non-Acute (Outpatient)",1
"D2431","",0
"D6425","Acute (Inpatient)",1
"D9569","Acute (Inpatient)",1
"D9095","Acute (Inpatient)",0
"D9095","",0
"D5687","Acute (Inpatient)",1
"D7042","Acute (Inpatient)",1
"D7042","",0
"D6516","Acute (Inpatient)",1
"D6516","",0
"D6516","",0
"D3319","Acute (Inpatient)",1
"D3319","",0
"D3319","",0
"D5216","Non-Acute (Outpatient)",0
"D0248","Acute (Inpatient)",0
"D0248","",0
"D0248","",0
"D0248","",0
"D0223","Acute (Inpatient)",1
"D7985","Non-Acute (Outpatient)",0
"D1079","Acute (Inpatient)",1
"D6888","Non-Acute (Outpatient)",0
"D7915","Acute (Inpatient)",1
"D7915","",0
"D7094","Acute (Inpatient)",1
"D9465","Acute (Inpatient)",1
"D2980","Acute (Inpatient)",0
"D2980","",0
"D9958","Acute (Inpatient)",1
"D9958","",0
"D5544","Acute (Inpatient)",0
"D6561","Acute (Inpatient)",0
"D9453","Acute (Inpatient)",1
"D9453","",0
"D9453","",0
"D2247","Acute (Inpatient)",1
"D9815","Acute (Inpatient)",1
"D1707","Acute (Inpatient)",1
"D1707","",0
"D9410","Acute (Inpatient)",0
"D1750","Acute (Inpatient)",1
"D1750","",0
"D5460","Acute (Inpatient)",0
"D5460","",0
"D7752","Acute (Inpatient)",1
"D7752","",0
"D6037","Acute (Inpatient)",1
"D3161","Acute (Inpatient)",1
"D3161","",0
"D4334","Acute (Inpatient)",1
"D8427","Non-Acute (Outpatient)",0
"D6261","Acute (Inpatient)",0
"D6261","",0
"D2726","Non-Acute (Outpatient)",0
"D2726","",0
"D5145","Acute (Inpatient)",0
"D5145","",0
"D8884","Non-Acute (Outpatient)",0
"D1743","Non-Acute (Outpatient)",1
"D8200","Acute (Inpatient)",0
"D1812","Acute (Inpatient)",0
"D0973","Acute (Inpatient)",0
"D0973","",0
"D0973","",0
"D0314","Acute (Inpatient)",0
"D0314","",0
"D0314","",0
"D0102","Non-Acute (Outpatient)",1
"D9674","Acute (Inpatient)",0
"D9674","",0
"D9674","",0
"D8880","Acute (Inpatient)",0
"D6702","Acute (Inpatient)",0
"D9766","Acute (Inpatient)",0
"D2203","Acute (Inpatient)",0
"D2203","",0
"D2203","",0
"D2203","",0
"D2203","",0
"D0841","Acute (Inpatient)",0
"D0841","",0
"D0841","",0
"D3589","Non-Acute (Outpatient)",1
"D3589","",0
"D7332","Acute (Inpatient)",0
"D7332","",0
"D7332","",0
"D7332","",0
"D6021","Acute (Inpatient)",0
"D6021","",0
"D6021","",0
"D4514","Acute (Inpatient)",0
"D9128","Acute (Inpatient)",0
"D9128","",0
"D9128","",0
"D9128","",0
"D0032","Acute (Inpatient)",0
"D5101","Acute (Inpatient)",0
"D5101","",0
"D5101","",0
"D1445","Acute (Inpatient)",0
"D1445","",0
"D1445","",0
"D5046","Non-Acute (Outpatient)",1
"D5682","Acute (Inpatient)",0
"D6422","Acute (Inpatient)",0
"D6422","",0
"D2070","Non-Acute (Outpatient)",0
"D3402","Acute (Inpatient)",0
"D3275","Acute (Inpatient)",0
"D3275","",0
"D3275","",0
"D6150","Acute (Inpatient)",0
"D6150","",0
"D6150","",0
"D6150","",0
"D5912","Acute (Inpatient)",0
"D6879","Non-Acute (Outpatient)",1
"D1665","Non-Acute (Outpatient)",1
"D6522","Non-Acute (Outpatient)",0
"D6522","",0
"D3958","Acute (Inpatient)",0
"D3958","",0
"D3963","Non-Acute (Outpatient)",0
"D6921","Acute (Inpatient)",0
"D6921","",0
"D2377","Acute (Inpatient)",0
"D9488","Acute (Inpatient)",0
"D9488","",0
"D1358","Acute (Inpatient)",0
"D1358","",0
"D1358","",0
"D1358","",0
"D5115","Acute (Inpatient)",0
"D0415","Non-Acute (Outpatient)",1
"D3124","Non-Acute (Outpatient)",0
"D3124","",0
"D3218","Acute (Inpatient)",0
"D9483","Acute (Inpatient)",0
"D9483","",0
"D9483","",0
"D9483","",0
"D9483","",0
"D2074","Acute (Inpatient)",0
"D2074","",0
"D2074","",0
"D4893","Acute (Inpatient)",0
"D4893","",0
"D4447","Acute (Inpatient)",0
"D4447","",0
"D4447","",0
"D4447","",0
"D4447","",1
"D8208","Non-Acute (Outpatient)",1
"D0175","Acute (Inpatient)",0
"D7885","Non-Acute (Outpatient)",0
"D7885","",0
"D0455","Non-Acute (Outpatient)",1
"D5138","Acute (Inpatient)",0
"D4914","Acute (Inpatient)",0
"D6599","Acute (Inpatient)",0
"D5054","Acute (Inpatient)",0
"D5054","",0
"D5054","",0
"D5054","",0
"D5054","",0
"D9438","Non-Acute (Outpatient)",1
"D7993","Acute (Inpatient)",0
"D7993","",0
"D7993","",0
"D7993","",0
"D7993","",0
"D4377","Acute (Inpatient)",0
"D4377","",0
"D9335","Non-Acute (Outpatient)",0
"D3784","Acute (Inpatient)",0
"D3784","",0
"D3784","",0
"D3784","",0
"D7589","Acute (Inpatient)",0
"D7589","",0
"D7589","",0
"D8038","Acute (Inpatient)",0
"D8038","",0
"D8042","Acute (Inpatient)",0
"D8042","",0
"D5958","Non-Acute (Outpatient)",0
"D3250","Acute (Inpatient)",0
"D7483","Acute (Inpatient)",0
"D4765","Acute (Inpatient)",0
"D5156","Acute (Inpatient)",0
"D5156","",0
"D4801","Acute (Inpatient)",0
"D4801","",0
"D4801","",0
"D4801","",0
"D4240","Acute (Inpatient)",0
"D4240","",0
"D4240","",0
"D4240","",0
"D2806","Non-Acute (Outpatient)",1
"D8776","Non-Acute (Outpatient)",1
"D8738","Acute (Inpatient)",0
"D4896","Acute (Inpatient)",0
"D4896","",0
"D7177","Non-Acute (Outpatient)",1
"D7177","",0
"D1401","Acute (Inpatient)",0
"D1401","",0
"D1401","",0
"D1401","",0
"D1401","",0
"D5830","Non-Acute (Outpatient)",1
"D1950","Acute (Inpatient)",0
"D1950","",0
"D0634","Acute (Inpatient)",0
"D0634","",0
"D0639","Non-Acute (Outpatient)",0
"D9398","Non-Acute (Outpatient)",1
"D5202","Acute (Inpatient)",0
"D5202","",0
"D5202","",0
"D1502","Non-Acute (Outpatient)",0
"D6466","Acute (Inpatient)",0
"D6466","",0
"D6466","",0
"D5838","Acute (Inpatient)",0
"D5838","",0
"D5838","",0
"D6721","Non-Acute (Outpatient)",1
"D3971","Non-Acute (Outpatient)",0
"D2195","Non-Acute (Outpatient)",1
"D3864","Acute (Inpatient)",0
"D0335","Non-Acute (Outpatient)",0
"D3467","Non-Acute (Outpatient)",1
"D5520","Non-Acute (Outpatient)",0
"D0669","Non-Acute (Outpatient)",1
"D0669","",0
"D5819","Non-Acute (Outpatient)",1
"D4759","Non-Acute (Outpatient)",1
"D6619","Non-Acute (Outpatient)",1
"D7861","Non-Acute (Outpatient)",0
"D1901","Non-Acute (Outpatient)",1
"D9615","Non-Acute (Outpatient)",0
"D5351","Non-Acute (Outpatient)",1
"D9145","Non-Acute (Outpatient)",0
"D6456","Non-Acute (Outpatient)",0
"D1535","Non-Acute (Outpatient)",0
"D0522","Non-Acute (Outpatient)",1
"D0151","Non-Acute (Outpatient)",1
"D1964","Non-Acute (Outpatient)",1
"D5277","Acute (Inpatient)",0
"D5277","",0
"D1477","Acute (Inpatient)",0
"D1477","",0
"D0732","Non-Acute (Outpatient)",0
"D0732","",0
"D9812","Non-Acute (Outpatient)",0
"D1629","Non-Acute (Outpatient)",1
"D1566","Non-Acute (Outpatient)",1
"D1637","Non-Acute (Outpatient)",1
"D1637","",0
"D0785","Non-Acute (Outpatient)",1
"D0785","",0
"D7184","Acute (Inpatient)",0
"D7184","",0
"D7184","",0
"D4463","Acute (Inpatient)",0
"D6051","Non-Acute (Outpatient)",1
"D8830","Acute (Inpatient)",0
"D1220","Non-Acute (Outpatient)",1
"D2903","Non-Acute (Outpatient)",1
"D1436","Acute (Inpatient)",0
"D1436","",0
"D1851","Acute (Inpatient)",0
"D1851","",0
"D7687","Acute (Inpatient)",0
"D7687","",0
"D8976","Acute (Inpatient)",0
"D8976","",0
"D8976","",0
"D5183","Non-Acute (Outpatient)",1
"D5183","",0
"D8446","Acute (Inpatient)",0
"D2288","Non-Acute (Outpatient)",1
"D4284","Non-Acute (Outpatient)",0
"D3683","Acute (Inpatient)",0
"D6960","Acute (Inpatient)",0
"D6960","",0
"D6960","",0
"D6960","",0
"D9443","Acute (Inpatient)",0
"D2179","Acute (Inpatient)",0
"D2179","",0
"D2179","",0
"D7530","Non-Acute (Outpatient)",0
"D5198","Acute (Inpatient)",0
"D7600","Non-Acute (Outpatient)",1
"D7600","",0
"D8808","Non-Acute (Outpatient)",1
"D2375","Acute (Inpatient)",0
"D2375","",0
"D9396","Non-Acute (Outpatient)",1
"D9396","",0
"D0272","Acute (Inpatient)",0
"D0272","",0
"D0272","",0
"D5615","Non-Acute (Outpatient)",0
"D8904","Acute (Inpatient)",0
"D3269","Acute (Inpatient)",0
"D5676","Acute (Inpatient)",0
"D5676","",0
"D8270","Acute (Inpatient)",0
"D8270","",0
"D8270","",0
"D8270","",0
"D6213","Non-Acute (Outpatient)",1
"D6213","",0
"D9651","Non-Acute (Outpatient)",1
"D8284","Non-Acute (Outpatient)",1
"D8134","Acute (Inpatient)",0
"D8134","",0
"D9550","Non-Acute (Outpatient)",0
"D1832","Non-Acute (Outpatient)",1
"D6704","Acute (Inpatient)",0
"D6704","",0
"D7356","Acute (Inpatient)",0
"D8195","Non-Acute (Outpatient)",0
"D8195","",0
"D6810","Acute (Inpatient)",0
"D3301","Non-Acute (Outpatient)",0
"D0347","Non-Acute (Outpatient)",0
"D2837","Acute (Inpatient)",0
"D8382","Non-Acute (Outpatient)",1
"D9013","Acute (Inpatient)",0
"D4500","Acute (Inpatient)",0
"D9885","Acute (Inpatient)",0
"D8594","Non-Acute (Outpatient)",0
"D8594","",0
"D5286","Non-Acute (Outpatient)",0
"D9754","Acute (Inpatient)",0
"D9754","",0
"D8772","Acute (Inpatient)",0
"D8772","",0
"D1614","Non-Acute (Outpatient)",1
"D3534","Acute (Inpatient)",0
"D3534","",0
"D0581","Acute (Inpatient)",0
"D0581","",0
"D0581","",0
"D4441","Acute (Inpatient)",0
"D4441","",0
"D4441","",0
"D4441","",0
"D4411","Non-Acute (Outpatient)",1
"D3267","Non-Acute (Outpatient)",0
"D9144","Non-Acute (Outpatient)",0
"D4946","Acute (Inpatient)",0
"D4946","",0
"D7102","Acute (Inpatient)",0
"D6646","Acute (Inpatient)",0
"D6646","",0
"D8317","Non-Acute (Outpatient)",0
"D2581","Non-Acute (Outpatient)",1
"D2581","",0
"D7692","Acute (Inpatient)",0
"D7692","",0
"D7692","",0
"D4106","Acute (Inpatient)",0
"D4106","",0
"D0557","Acute (Inpatient)",0
"D8706","Acute (Inpatient)",0
"D8706","",0
"D1170","Non-Acute (Outpatient)",0
"D5083","Non-Acute (Outpatient)",1
"D7555","Non-Acute (Outpatient)",1
"D0339","Acute (Inpatient)",0
"D9716","Acute (Inpatient)",0
"D9716","",0
"D9401","Acute (Inpatient)",0
"D9401","",0
"D9401","",0
"D9837","Non-Acute (Outpatient)",1
"D9837","",0
"D6930","Non-Acute (Outpatient)",1
"D6930","",0
"D7025","Non-Acute (Outpatient)",1
"D3713","Acute (Inpatient)",0
"D3713","",0
"D5430","Acute (Inpatient)",0
"D5430","",0
"D5402","Acute (Inpatient)",0
"D7863","Acute (Inpatient)",0
"D6312","Acute (Inpatient)",0
"D6312","",0
"D8788","Acute (Inpatient)",0
"D1227","Non-Acute (Outpatient)",1
"D1227","",0
"D8135","Acute (Inpatient)",0
"D8135","",0
"D9776","Acute (Inpatient)",0
"D9776","",0
"D9776","",0
"D2313","Acute (Inpatient)",0
"D2313","",0
"D2313","",0
"D9127","Acute (Inpatient)",0
"D9127","",0
"D9127","",0
"D6764","Non-Acute (Outpatient)",1
"D7250","Non-Acute (Outpatient)",1
"D6858","Non-Acute (Outpatient)",1
"D7967","Non-Acute (Outpatient)",0
"D7967","",0
"D5036","Acute (Inpatient)",0
"D9070","Acute (Inpatient)",0
"D1236","Non-Acute (Outpatient)",0
"D1236","",0
"D8522","Acute (Inpatient)",0
"D1751","Non-Acute (Outpatient)",0
"D7641","Non-Acute (Outpatient)",1
"D7641","",0
"D4593","Acute (Inpatient)",0
"D6061","Acute (Inpatient)",0
"D4020","Acute (Inpatient)",0
"D4020","",0
"D7301","Acute (Inpatient)",1
"D7301","",0
"D7301","",0
"D9551","Acute (Inpatient)",0
"D9551","",0
"D6097","Non-Acute (Outpatient)",1
"D6341","Non-Acute (Outpatient)",1
"D7772","Non-Acute (Outpatient)",0
"D8985","Acute (Inpatient)",0
"D2266","Acute (Inpatient)",0
"D2266","",0
"D1013","Non-Acute (Outpatient)",0
"D1013","",0
"D8282","Acute (Inpatient)",0
"D8282","",0
"D8282","",0
"D4245","Non-Acute (Outpatient)",0
"D7271","Non-Acute (Outpatient)",0
"D9367","Non-Acute (Outpatient)",0
"D9367","",0
"D2966","Acute (Inpatient)",0
"D2966","",0
"D3122","Non-Acute (Outpatient)",1
"D5497","Non-Acute (Outpatient)",0
"D5526","Non-Acute (Outpatient)",0
"D6404","Acute (Inpatient)",0
"D6404","",0
"D5966","Acute (Inpatient)",0
"D5966","",0
"D1612","Non-Acute (Outpatient)",1
"D4179","Non-Acute (Outpatient)",1
"D3691","Acute (Inpatient)",0
"D3691","",0
"D0803","Non-Acute (Outpatient)",1
"D2363","Non-Acute (Outpatient)",0
"D9943","Non-Acute (Outpatient)",1
"D9093","Acute (Inpatient)",0
"D7908","Non-Acute (Outpatient)",0
"D1352","Non-Acute (Outpatient)",1
"D5503","Non-Acute (Outpatient)",1
"D5503","",0
"D0539","Acute (Inpatient)",0
"D0539","",0
"D6765","Acute (Inpatient)",0
"D6765","",0
"D8222","Non-Acute (Outpatient)",1
"D9114","Non-Acute (Outpatient)",1
"D1472","Acute (Inpatient)",0
"D1472","",0
"D1472","",0
"D3049","Non-Acute (Outpatient)",0
"D7798","Acute (Inpatient)",0
"D7798","",0
"D4872","Acute (Inpatient)",0
"D4872","",0
"D8782","Non-Acute (Outpatient)",0
"D9882","Non-Acute (Outpatient)",1
"D0192","Acute (Inpatient)",0
"D0192","",0
"D0192","",0
"D0192","",0
"D3513","Non-Acute (Outpatient)",0
"D5346","Non-Acute (Outpatient)",1
"D7478","Non-Acute (Outpatient)",0
"D7478","",0
"D9700","Acute (Inpatient)",0
"D6951","Non-Acute (Outpatient)",1
"D6951","",0
"D2733","Acute (Inpatient)",0
"D2733","",0
"D9511","Acute (Inpatient)",0
"D9511","",0
"D9076","Acute (Inpatient)",0
"D9076","",0
"D4574","Acute (Inpatient)",0
"D7331","Non-Acute (Outpatient)",0
"D7331","",0
"D9938","Non-Acute (Outpatient)",0
"D9938","",0
"D3893","Non-Acute (Outpatient)",1
"D3893","",0
"D8816","Acute (Inpatient)",0
"D8816","",0
"D8816","",0
"D8932","Acute (Inpatient)",0
"D3860","Non-Acute (Outpatient)",1
"D3860","",0
"D7275","Non-Acute (Outpatient)",1
"D9126","Acute (Inpatient)",0
"D9126","",0
"D9041","Acute (Inpatient)",0
"D0334","Acute (Inpatient)",0
"D0334","",0
"D5724","Non-Acute (Outpatient)",1
"D0093","Acute (Inpatient)",0
"D0093","",0
"D1984","Acute (Inpatient)",1
"D1984","",0
"D1984","",0
"D1984","",0
"D0207","Acute (Inpatient)",0
"D0207","",0
"D7922","Acute (Inpatient)",0
"D7922","",0
"D1909","Non-Acute (Outpatient)",0
"D9520","Acute (Inpatient)",0
"D9520","",0
"D9520","",0
"D7702","Acute (Inpatient)",0
"D7702","",0
"D7702","",0
"D8165","Non-Acute (Outpatient)",0
"D8165","",0
"D4261","Acute (Inpatient)",0
"D4261","",0
"D4261","",0
"D3002","Non-Acute (Outpatient)",0
"D6803","Acute (Inpatient)",0
"D6803","",0
"D8585","Acute (Inpatient)",0
"D8718","Acute (Inpatient)",0
"D8970","Acute (Inpatient)",0
"D8436","Non-Acute (Outpatient)",1
"D4852","Acute (Inpatient)",0
"D4885","Non-Acute (Outpatient)",1
"D0654","Acute (Inpatient)",0
"D5955","Non-Acute (Outpatient)",1
"D5955","",0
"D1101","Non-Acute (Outpatient)",0
"D3438","Acute (Inpatient)",0
"D3438","",0
"D3438","",0
"D2641","Non-Acute (Outpatient)",1
"D5802","Acute (Inpatient)",0
"D5802","",0
"D5802","",0
"D5802","",0
"D4151","Non-Acute (Outpatient)",0
"D0543","Acute (Inpatient)",0
"D2597","Acute (Inpatient)",1
"D2597","",0
"D2597","",0
"D2442","Acute (Inpatient)",0
"D2442","",0
"D7091","Non-Acute (Outpatient)",1
"D6588","Acute (Inpatient)",0
"D6588","",0
"D6588","",0
"D1192","Non-Acute (Outpatient)",0
"D0780","Acute (Inpatient)",0
"D7352","Non-Acute (Outpatient)",1
"D7352","",0
"D8343","Acute (Inpatient)",0
"D1062","Non-Acute (Outpatient)",1
"D2566","Non-Acute (Outpatient)",0
"D0542","Acute (Inpatient)",0
"D6565","Non-Acute (Outpatient)",0
"D2775","Acute (Inpatient)",0
"D1303","Acute (Inpatient)",0
"D1303","",0
"D5240","Non-Acute (Outpatient)",1
"D5240","",0
"D0459","Acute (Inpatient)",0
"D0459","",0
"D7106","Non-Acute (Outpatient)",0
"D6013","Acute (Inpatient)",0
"D6013","",0
"D2049","Acute (Inpatient)",0
"D2049","",0
"D6188","Non-Acute (Outpatient)",0
"D3148","Acute (Inpatient)",0
"D3148","",0
"D8048","Acute (Inpatient)",0
"D1781","Non-Acute (Outpatient)",1
"D1781","",0
"D2413","Acute (Inpatient)",0
"D5947","Non-Acute (Outpatient)",0
"D8682","Acute (Inpatient)",0
"D8186","Acute (Inpatient)",0
"D5901","Non-Acute (Outpatient)",0
"D0023","Acute (Inpatient)",0
"D0023","",0
"D9445","Acute (Inpatient)",0
"D7924","Acute (Inpatient)",0
"D3993","Acute (Inpatient)",0
"D8734","Acute (Inpatient)",0
"D6744","Acute (Inpatient)",0
"D2424","Acute (Inpatient)",0
"D1685","Non-Acute (Outpatient)",0
"D1685","",0
"D3252","Non-Acute (Outpatient)",1
"D4002","Acute (Inpatient)",0
"D7635","Acute (Inpatient)",0
"D1641","Acute (Inpatient)",0
"D6883","Acute (Inpatient)",0
"D6883","",0
"D6433","Acute (Inpatient)",0
"D8213","Non-Acute (Outpatient)",0
"D3786","Non-Acute (Outpatient)",1
"D1119","Acute (Inpatient)",0
"D5750","Acute (Inpatient)",0
"D7411","Acute (Inpatient)",0
"D7536","Acute (Inpatient)",0
"D7536","",0
"D5551","Non-Acute (Outpatient)",1
"D5551","",0
"D8009","Acute (Inpatient)",0
"D6703","Non-Acute (Outpatient)",0
"D6859","Acute (Inpatient)",0
"D6277","Acute (Inpatient)",0
"D8191","Acute (Inpatient)",0
"D1890","Acute (Inpatient)",0
"D2216","Non-Acute (Outpatient)",1
"D2216","",0
"D4165","Acute (Inpatient)",0
"D4000","Acute (Inpatient)",0
"D0452","Acute (Inpatient)",0
"D2011","Acute (Inpatient)",0
"D0429","Acute (Inpatient)",0
"D6391","Acute (Inpatient)",0
"D2518","Acute (Inpatient)",0
"D4199","Acute (Inpatient)",0
"D1719","Acute (Inpatient)",0
"D8844","Acute (Inpatient)",0
"D8844","",0
"D3410","Acute (Inpatient)",0
"D2052","Acute (Inpatient)",0
"D7954","Non-Acute (Outpatient)",0
"D7954","",0
"D0245","Acute (Inpatient)",0
"D0398","Acute (Inpatient)",0
"D5298","Acute (Inpatient)",0
"D9333","Non-Acute (Outpatient)",1
"D6022","Non-Acute (Outpatient)",0
"D6022","",0
"D6012","Acute (Inpatient)",1
"D6439","Acute (Inpatient)",0
"D9219","Acute (Inpatient)",0
"D2193","Non-Acute (Outpatient)",0
"D8849","Non-Acute (Outpatient)",1
"D0489","Acute (Inpatient)",0
"D8120","Acute (Inpatient)",0
"D8120","",0
"D0326","Non-Acute (Outpatient)",0
"D1968","Non-Acute (Outpatient)",1
"D7961","Non-Acute (Outpatient)",1
"D2110","Non-Acute (Outpatient)",1
"D2110","",0
"D1744","Non-Acute (Outpatient)",0
"D6138","Non-Acute (Outpatient)",0
"D6615","Non-Acute (Outpatient)",0
"D2149","Acute (Inpatient)",0
"D9135","Acute (Inpatient)",0
"D3802","Non-Acute (Outpatient)",1
"D3802","",0
"D0350","Acute (Inpatient)",0
"D2274","Acute (Inpatient)",0
"D9068","Non-Acute (Outpatient)",0
"D8690","Acute (Inpatient)",0
"D5825","Acute (Inpatient)",0
"D5608","Acute (Inpatient)",0
"D0011","Non-Acute (Outpatient)",0
"D0011","",0
"D1269","Non-Acute (Outpatient)",0
"D2147","Acute (Inpatient)",0
"D8268","Acute (Inpatient)",0
"D8268","",0
"D3876","Non-Acute (Outpatient)",0
"D2618","Non-Acute (Outpatient)",0
"D2965","Acute (Inpatient)",0
"D4282","Acute (Inpatient)",0
"D4282","",0
"D1924","Acute (Inpatient)",0
"D1924","",0
"D5675","Non-Acute (Outpatient)",0
"D5675","",0
"D6576","Acute (Inpatient)",0
"D6856","Acute (Inpatient)",0
"D3538","Acute (Inpatient)",0
"D9567","Non-Acute (Outpatient)",0
"D9567","",0
"D2438","Acute (Inpatient)",0
"D7482","Acute (Inpatient)",0
"D7482","",0
"D3902","Non-Acute (Outpatient)",1
"D3902","",0
"D8447","Non-Acute (Outpatient)",1
"D8447","",0
"D3720","Non-Acute (Outpatient)",0
"D3720","",0
"D7076","Non-Acute (Outpatient)",1
"D3457","Acute (Inpatient)",0
"D8771","Non-Acute (Outpatient)",1
"D8771","",0
"D7505","Acute (Inpatient)",0
"D7505","",0
"D4344","Acute (Inpatient)",0
"D4007","Non-Acute (Outpatient)",1
"D4007","",0
"D3730","Non-Acute (Outpatient)",0
"D3730","",0
"D4433","Acute (Inpatient)",0
"D3803","Non-Acute (Outpatient)",0
"D3803","",0
"D0728","Acute (Inpatient)",0
"D4403","Acute (Inpatient)",0
"D6065","Acute (Inpatient)",0
"D3048","Acute (Inpatient)",0
"D4067","Acute (Inpatient)",0
"D1011","Acute (Inpatient)",0
"D4769","Non-Acute (Outpatient)",1
"D2924","Acute (Inpatient)",0
"D0163","Acute (Inpatient)",0
"D2103","Non-Acute (Outpatient)",0
"D6836","Acute (Inpatient)",0
"D1544","Acute (Inpatient)",0
"D9743","Acute (Inpatient)",0
"D5027","Acute (Inpatient)",0
"D7265","Acute (Inpatient)",0
"D4972","Non-Acute (Outpatient)",0
"D4972","",0
"D6072","Non-Acute (Outpatient)",0
"D3493","Acute (Inpatient)",0
"D5262","Acute (Inpatient)",0
"D2737","Non-Acute (Outpatient)",1
"D2737","",0
"D2927","Non-Acute (Outpatient)",0
"D2927","",0
"D3482","Acute (Inpatient)",0
"D8759","Non-Acute (Outpatient)",0
"D8759","",0
"D0934","Acute (Inpatient)",0
"D2067","Non-Acute (Outpatient)",0
"D2067","",0
"D3028","Acute (Inpatient)",0
"D3515","Acute (Inpatient)",0
"D3515","",0
"D7267","Non-Acute (Outpatient)",1
"D8863","Acute (Inpatient)",0
"D0520","Acute (Inpatient)",0
"D0786","Acute (Inpatient)",0
"D0145","Non-Acute (Outpatient)",1
"D0145","",0
"D1934","Non-Acute (Outpatient)",0
"D0263","Non-Acute (Outpatient)",1
"D4688","Non-Acute (Outpatient)",1
"D2434","Non-Acute (Outpatient)",1
"D2434","",0
"D9199","Acute (Inpatient)",0
"D7158","Acute (Inpatient)",0
"D4886","Acute (Inpatient)",0
"D0781","Acute (Inpatient)",0
"D5301","Non-Acute (Outpatient)",0
"D6660","Acute (Inpatient)",0
"D6077","Acute (Inpatient)",0
"D4196","Acute (Inpatient)",1
"D1108","Acute (Inpatient)",0
"D8166","Non-Acute (Outpatient)",0
"D2493","Acute (Inpatient)",0
"D5092","Acute (Inpatient)",0
"D8041","Acute (Inpatient)",0
"D5098","Acute (Inpatient)",0
"D3027","Non-Acute (Outpatient)",1
"D8619","Non-Acute (Outpatient)",0
"D8619","",0
"D0574","Non-Acute (Outpatient)",1
"D7307","Acute (Inpatient)",0
"D9008","Acute (Inpatient)",0
"D4640","Acute (Inpatient)",0
"D4694","Acute (Inpatient)",0
"D1538","Acute (Inpatient)",0
"D9617","Acute (Inpatient)",0
"D8762","Acute (Inpatient)",0
"D4071","Acute (Inpatient)",0
"D1266","Acute (Inpatient)",0
"D9254","Acute (Inpatient)",0
"D0056","Non-Acute (Outpatient)",0
"D3241","Acute (Inpatient)",0
"D0502","Non-Acute (Outpatient)",0
"D1446","Acute (Inpatient)",0
"D7293","Non-Acute (Outpatient)",1
"D4823","Acute (Inpatient)",0
"D3381","Acute (Inpatient)",0
"D2368","Acute (Inpatient)",0
"D1855","Acute (Inpatient)",0
"D3243","Acute (Inpatient)",0
"D2640","Acute (Inpatient)",0
"D8300","Acute (Inpatient)",0
"D6963","Acute (Inpatient)",0
"D3336","Acute (Inpatient)",0
"D2879","Acute (Inpatient)",0
"D2599","Acute (Inpatient)",0
"D6771","Acute (Inpatient)",0
"D0768","Acute (Inpatient)",0
"D0559","Acute (Inpatient)",0
"D2588","Acute (Inpatient)",0
"D4399","Non-Acute (Outpatient)",0
"D2843","Acute (Inpatient)",0
"D6787","Acute (Inpatient)",0
"D9495","Acute (Inpatient)",0
"D7739","Non-Acute (Outpatient)",1
"D6361","Non-Acute (Outpatient)",0
"D7468","Acute (Inpatient)",0
"D5860","Acute (Inpatient)",0
"D7730","Acute (Inpatient)",0
"D3925","Acute (Inpatient)",0
"D2475","Acute (Inpatient)",0
"D2902","Acute (Inpatient)",0
"D0194","Acute (Inpatient)",0
"D3473","Non-Acute (Outpatient)",1
"D1418","Non-Acute (Outpatient)",0
"D4115","Non-Acute (Outpatient)",1
"D1531","Non-Acute (Outpatient)",0
"D0989","Non-Acute (Outpatient)",0
"D8206","Non-Acute (Outpatient)",0
"D2271","Non-Acute (Outpatient)",0
"D1070","Non-Acute (Outpatient)",0
"D6628","Non-Acute (Outpatient)",0
"D8145","Non-Acute (Outpatient)",1
"D6232","Non-Acute (Outpatient)",0
"D2774","Non-Acute (Outpatient)",0
"D3503","Non-Acute (Outpatient)",0
"D8777","Non-Acute (Outpatient)",1
"D0062","Non-Acute (Outpatient)",1
"D6964","Non-Acute (Outpatient)",1
"D3050","Non-Acute (Outpatient)",1
"D6481","Non-Acute (Outpatient)",1
"D9211","Non-Acute (Outpatient)",0
"D8930","Non-Acute (Outpatient)",1
"D9971","Non-Acute (Outpatient)",1
"D0729","Non-Acute (Outpatient)",1
"D1297","Non-Acute (Outpatient)",0
"D0903","Non-Acute (Outpatient)",0
"D6861","Non-Acute (Outpatient)",0
"D9289","Non-Acute (Outpatient)",0
"D1419","Non-Acute (Outpatient)",0
"D3427","Non-Acute (Outpatient)",0
"D2383","Non-Acute (Outpatient)",1
"D9845","Non-Acute (Outpatient)",0
"D8466","Non-Acute (Outpatient)",0
"D7945","Non-Acute (Outpatient)",1
"D9002","Non-Acute (Outpatient)",1
"D7801","Non-Acute (Outpatient)",0
"D8365","Non-Acute (Outpatient)",1
"D3211","Non-Acute (Outpatient)",0
"D7427","Acute (Inpatient)",0
"D6645","Non-Acute (Outpatient)",1
"D2892","Non-Acute (Outpatient)",0
"D3374","Non-Acute (Outpatient)",1
"D9086","Non-Acute (Outpatient)",1
"D0323","Non-Acute (Outpatient)",1
"D8241","Non-Acute (Outpatient)",1
"D2183","Non-Acute (Outpatient)",1
"D0997","Non-Acute (Outpatient)",1
"D6195","Non-Acute (Outpatient)",1
"D1039","Non-Acute (Outpatient)",1
"D7990","Acute (Inpatient)",0
"D9029","Non-Acute (Outpatient)",0
"D3125","Non-Acute (Outpatient)",1
"D2816","Non-Acute (Outpatient)",0
"D0068","Non-Acute (Outpatient)",1
"D9884","Non-Acute (Outpatient)",1
"D7379","Acute (Inpatient)",0
"D3107","Acute (Inpatient)",0
"D6004","Acute (Inpatient)",0
"D7817","Non-Acute (Outpatient)",0
"D1116","Acute (Inpatient)",0
"D8703","Non-Acute (Outpatient)",1
"D2430","Non-Acute (Outpatient)",0
"D0676","Acute (Inpatient)",0
"D4105","Non-Acute (Outpatient)",1
"D4890","Acute (Inpatient)",0
"D8060","Acute (Inpatient)",0
"D3779","Acute (Inpatient)",1
"D5180","Non-Acute (Outpatient)",0
"D9091","Acute (Inpatient)",0
"D2077","Non-Acute (Outpatient)",1
"D3821","Non-Acute (Outpatient)",1
"D6603","Acute (Inpatient)",0
"D7583","Acute (Inpatient)",0
"D1731","Acute (Inpatient)",0
"D5174","Non-Acute (Outpatient)",0
"D9953","Acute (Inpatient)",0
"D0806","Acute (Inpatient)",0
"D0434","Acute (Inpatient)",0
"D4466","Non-Acute (Outpatient)",0
"D4868","Acute (Inpatient)",1
"D1659","Non-Acute (Outpatient)",1
"D3607","Non-Acute (Outpatient)",1
"D8807","Acute (Inpatient)",0
"D7443","Non-Acute (Outpatient)",1
"D4168","Acute (Inpatient)",0
"D9073","Acute (Inpatient)",0
"D9073","",0
"D0943","Acute (Inpatient)",0
"D1814","Non-Acute (Outpatient)",0
"D1009","Non-Acute (Outpatient)",1
"D3880","Acute (Inpatient)",0
"D0731","Acute (Inpatient)",0
"D1946","Non-Acute (Outpatient)",1
"D4175","Acute (Inpatient)",0
"D2929","Acute (Inpatient)",0
"D2929","",0
"D7021","Non-Acute (Outpatient)",1
"D9594","Non-Acute (Outpatient)",1
"D3055","Acute (Inpatient)",0
"D1549","Non-Acute (Outpatient)",0
"D5555","Acute (Inpatient)",1
"D7905","Non-Acute (Outpatient)",1
"D4439","Non-Acute (Outpatient)",1
"D4366","Non-Acute (Outpatient)",1
"D3045","Acute (Inpatient)",0
"D2465","Non-Acute (Outpatient)",1
"D9608","Acute (Inpatient)",0
"D2229","Non-Acute (Outpatient)",1
"D3956","Non-Acute (Outpatient)",0
"D2246","Acute (Inpatient)",0
"D2700","Non-Acute (Outpatient)",1
"D4184","Non-Acute (Outpatient)",1
"D9977","Non-Acute (Outpatient)",0
"D9110","Acute (Inpatient)",1
"D5504","Non-Acute (Outpatient)",1
"D0792","Non-Acute (Outpatient)",0
"D5766","Acute (Inpatient)",0
"D5766","",0
"D8981","Acute (Inpatient)",0
"D4633","Non-Acute (Outpatient)",0
"D3984","Non-Acute (Outpatient)",0
"D1045","Non-Acute (Outpatient)",0
"D9917","Acute (Inpatient)",0
"D6781","Acute (Inpatient)",0
"D4285","Acute (Inpatient)",0
"D6548","Acute (Inpatient)",0
"D5887","Non-Acute (Outpatient)",0
"D7450","Non-Acute (Outpatient)",0
"D6409","Non-Acute (Outpatient)",1
"D5037","Acute (Inpatient)",0
"D9380","Non-Acute (Outpatient)",1
"D6389","Non-Acute (Outpatient)",0
"D7026","Acute (Inpatient)",1
"D8609","Acute (Inpatient)",0
"D3797","Acute (Inpatient)",0
"D7121","Acute (Inpatient)",0
"D5235","Non-Acute (Outpatient)",1
"D3635","Acute (Inpatient)",0
"D4347","Non-Acute (Outpatient)",1
"D6876","Non-Acute (Outpatient)",1
"D2269","Acute (Inpatient)",0
"D9790","Acute (Inpatient)",0
"D9756","Acute (Inpatient)",0
"D3384","Non-Acute (Outpatient)",0
"D9964","Non-Acute (Outpatient)",1
"D7889","Acute (Inpatient)",0
"D7949","Non-Acute (Outpatient)",1
"D6324","Non-Acute (Outpatient)",1
"D8114","Acute (Inpatient)",0
"D4481","Non-Acute (Outpatient)",1
"D8306","Non-Acute (Outpatient)",1
"D1267","Non-Acute (Outpatient)",0
"D5133","Acute (Inpatient)",0
"D7159","Non-Acute (Outpatient)",0
"D2482","Non-Acute (Outpatient)",1
"D5319","Non-Acute (Outpatient)",0
"D3822","Non-Acute (Outpatient)",1
"D8017","Non-Acute (Outpatient)",0
"D6708","Non-Acute (Outpatient)",1
"D9828","Acute (Inpatient)",0
"D9368","Acute (Inpatient)",0
"D5763","Acute (Inpatient)",0
"D0802","Acute (Inpatient)",0
"D4138","Non-Acute (Outpatient)",0
"D1809","Acute (Inpatient)",0
"D9956","Acute (Inpatient)",0
"D5204","Acute (Inpatient)",0
"D8852","Non-Acute (Outpatient)",1
"D6482","Non-Acute (Outpatient)",0
"D4663","Non-Acute (Outpatient)",0
"D0953","Acute (Inpatient)",0
"D9678","Non-Acute (Outpatient)",0
"D6201","Non-Acute (Outpatient)",1
"D1560","Non-Acute (Outpatient)",0
"D8825","Non-Acute (Outpatient)",1
"D5390","Non-Acute (Outpatient)",1
"D5437","Non-Acute (Outpatient)",1
"D4425","Non-Acute (Outpatient)",0
"D1838","Non-Acute (Outpatient)",1
"D1838","",0
"D2851","Acute (Inpatient)",0
"D5295","Acute (Inpatient)",0
"D5598","Non-Acute (Outpatient)",1
"D9056","Non-Acute (Outpatient)",0
"D3052","Non-Acute (Outpatient)",0
"D6498","Non-Acute (Outpatient)",1
"D2888","Non-Acute (Outpatient)",0
"D2553","Non-Acute (Outpatient)",0
"D3582","Non-Acute (Outpatient)",0
"D8059","Non-Acute (Outpatient)",0
"D5389","Non-Acute (Outpatient)",1
"D2312","Non-Acute (Outpatient)",1
"D1020","Non-Acute (Outpatient)",0
"D6446","Non-Acute (Outpatient)",1
"D9801","Non-Acute (Outpatient)",1
"D1018","Non-Acute (Outpatient)",0
"D1879","Non-Acute (Outpatient)",1
"D0094","Non-Acute (Outpatient)",1
"D8383","Non-Acute (Outpatient)",0
"D4813","Non-Acute (Outpatient)",0
"D4685","Non-Acute (Outpatient)",0
"D9085","Non-Acute (Outpatient)",1
"D4172","Non-Acute (Outpatient)",0
"D5441","Non-Acute (Outpatient)",0
"D6990","Non-Acute (Outpatient)",0
"D0791","Non-Acute (Outpatient)",0
"D5094","Acute (Inpatient)",0
"D4869","Non-Acute (Outpatient)",0
"D8558","Non-Acute (Outpatient)",1
"D6144","Acute (Inpatient)",0
"D1175","Acute (Inpatient)",0
"D6069","Acute (Inpatient)",0
"D1642","Acute (Inpatient)",0
"D3990","Acute (Inpatient)",0
"D8752","Acute (Inpatient)",0
"D6590","Acute (Inpatient)",0
"D7876","Acute (Inpatient)",0
"D1261","Acute (Inpatient)",0
"D5250","Acute (Inpatient)",0
"D8994","Acute (Inpatient)",0
"D1091","Non-Acute (Outpatient)",1
"D6346","Non-Acute (Outpatient)",0
"D0809","Non-Acute (Outpatient)",0
"D4112","Non-Acute (Outpatient)",0
"D7126","Acute (Inpatient)",0
"D1005","Acute (Inpatient)",0
"D8099","Non-Acute (Outpatient)",0
"D6378","Acute (Inpatient)",0
"D8980","Acute (Inpatient)",0
"D6218","Non-Acute (Outpatient)",1
"D4146","Acute (Inpatient)",0
"D6475","Acute (Inpatient)",0
"D0938","Non-Acute (Outpatient)",1
"D6373","Acute (Inpatient)",0
"D9502","Non-Acute (Outpatient)",1
"D6028","Acute (Inpatient)",0
"D5915","Acute (Inpatient)",0
"D2253","Acute (Inpatient)",0
"D6684","Acute (Inpatient)",0
"D7742","Non-Acute (Outpatient)",0
"D2131","Non-Acute (Outpatient)",1
"D1692","Non-Acute (Outpatient)",1
"D7257","Acute (Inpatient)",0
"D1628","Acute (Inpatient)",0
"D6258","Non-Acute (Outpatient)",0
"D2508","Non-Acute (Outpatient)",1
"D2630","Acute (Inpatient)",0
"D8439","Acute (Inpatient)",0
"D3974","Non-Acute (Outpatient)",0
"D1046","Non-Acute (Outpatient)",1
"D1939","Non-Acute (Outpatient)",0
"D3631","Non-Acute (Outpatient)",0
"D8745","Acute (Inpatient)",0
"D5998","Acute (Inpatient)",0
"D3584","Acute (Inpatient)",0
"D8875","Non-Acute (Outpatient)",0
"D9005","Non-Acute (Outpatient)",0
"D4480","Acute (Inpatient)",0
"D2689","Acute (Inpatient)",0
"D5538","Acute (Inpatient)",0
"D1789","Non-Acute (Outpatient)",1
"D8597","Non-Acute (Outpatient)",0
"D2320","Acute (Inpatient)",0
"D1681","Acute (Inpatient)",0
"D3224","Non-Acute (Outpatient)",1
"D5552","Acute (Inpatient)",0
"D8245","Non-Acute (Outpatient)",1
"D3715","Acute (Inpatient)",0
"D4919","Acute (Inpatient)",0
"D4661","Non-Acute (Outpatient)",1
"D0418","Acute (Inpatient)",0
"D6170","Non-Acute (Outpatient)",1
"D5780","Non-Acute (Outpatient)",1
"D2988","Acute (Inpatient)",0
"D4357","Non-Acute (Outpatient)",1
"D1367","Non-Acute (Outpatient)",0
"D2997","Non-Acute (Outpatient)",1
"D7613","Non-Acute (Outpatient)",0
"D0353","Non-Acute (Outpatient)",1
"D2695","Acute (Inpatient)",0
"D9962","Non-Acute (Outpatient)",0
"D4470","Non-Acute (Outpatient)",1
"D1528","Non-Acute (Outpatient)",1
"D8862","Acute (Inpatient)",0
"D1161","Non-Acute (Outpatient)",0
"D2509","Non-Acute (Outpatient)",0
"D7596","Non-Acute (Outpatient)",1
"D8983","Acute (Inpatient)",0
"D2234","Acute (Inpatient)",0
"D6733","Non-Acute (Outpatient)",0
"D8188","Acute (Inpatient)",0
"D9489","Acute (Inpatient)",0
"D8743","Acute (Inpatient)",0
"D3937","Non-Acute (Outpatient)",0
"D9369","Non-Acute (Outpatient)",1
"D4369","Acute (Inpatient)",0
"D1626","Non-Acute (Outpatient)",1
"D3098","Acute (Inpatient)",0
"D6811","Non-Acute (Outpatient)",0
"D9340","Non-Acute (Outpatient)",0
"D9473","Non-Acute (Outpatient)",1
"D5991","Non-Acute (Outpatient)",0
"D4040","Acute (Inpatient)",0
"D0411","Acute (Inpatient)",0
"D2938","Non-Acute (Outpatient)",0
"D0320","Non-Acute (Outpatient)",1
"D8645","Acute (Inpatient)",0
"D0928","Acute (Inpatient)",0
"D1378","Non-Acute (Outpatient)",0
"D2420","Acute (Inpatient)",0
"D2230","Acute (Inpatient)",0
"D8677","Acute (Inpatient)",0
"D7642","Acute (Inpatient)",0
"D3447","Non-Acute (Outpatient)",1
"D3848","Acute (Inpatient)",0
"D5949","Acute (Inpatient)",0
"D8546","Non-Acute (Outpatient)",0
"D2657","Acute (Inpatient)",0
"D9339","Acute (Inpatient)",0
"D6830","Non-Acute (Outpatient)",1
"D2750","Non-Acute (Outpatient)",1
"D0280","Non-Acute (Outpatient)",0
"D9406","Acute (Inpatient)",0
"D5340","Non-Acute (Outpatient)",1
"D6712","Acute (Inpatient)",0
"D6075","Non-Acute (Outpatient)",1
"D7508","Non-Acute (Outpatient)",1
"D9813","Acute (Inpatient)",0
"D9918","Non-Acute (Outpatient)",0
"D7594","Non-Acute (Outpatient)",1
"D1461","Acute (Inpatient)",0
"D3263","Non-Acute (Outpatient)",1
"D0288","Non-Acute (Outpatient)",0
"D6945","Non-Acute (Outpatient)",0
"D9587","Non-Acute (Outpatient)",0
"D7290","Acute (Inpatient)",0
"D7367","Acute (Inpatient)",0
"D1746","Non-Acute (Outpatient)",1
"D3554","Acute (Inpatient)",0
"D5746","Acute (Inpatient)",0
"D4599","Non-Acute (Outpatient)",1
"D8337","Non-Acute (Outpatient)",1
"D3240","Non-Acute (Outpatient)",1
"D6739","Acute (Inpatient)",0
"D5952","Non-Acute (Outpatient)",0
"D1344","Non-Acute (Outpatient)",1
"D0195","Acute (Inpatient)",0
"D1251","Non-Acute (Outpatient)",1
"D2233","Non-Acute (Outpatient)",1
"D4491","Non-Acute (Outpatient)",0
"D5345","Acute (Inpatient)",0
"D9903","Acute (Inpatient)",0
"D7173","Non-Acute (Outpatient)",1
"D9800","Acute (Inpatient)",0
"D0538","Acute (Inpatient)",0
"D6369","Non-Acute (Outpatient)",0
"D9603","Non-Acute (Outpatient)",1
"D2699","Acute (Inpatient)",0
"D9494","Acute (Inpatient)",0
"D9022","Non-Acute (Outpatient)",0
"D1947","Acute (Inpatient)",0
"D7339","Non-Acute (Outpatient)",1
"D1749","Non-Acute (Outpatient)",0
"D1052","Non-Acute (Outpatient)",1
"D3141","Non-Acute (Outpatient)",1
"D3488","Non-Acute (Outpatient)",1
"D2839","Non-Acute (Outpatient)",1
"D3139","Non-Acute (Outpatient)",1
"D7183","Non-Acute (Outpatient)",0
"D9446","Non-Acute (Outpatient)",0
"D0878","Non-Acute (Outpatient)",0
"D2796","Non-Acute (Outpatient)",0
"D7821","Non-Acute (Outpatient)",0
"D5572","Non-Acute (Outpatient)",1
"D0363","Non-Acute (Outpatient)",1
"D6694","Acute (Inpatient)",0
"D8490","Non-Acute (Outpatient)",1
"D0655","Non-Acute (Outpatient)",1
"D3608","Acute (Inpatient)",0
"D3061","Acute (Inpatient)",0
"D9665","Non-Acute (Outpatient)",0
"D1300","Non-Acute (Outpatient)",0
"D2175","Non-Acute (Outpatient)",0
"D8934","Non-Acute (Outpatient)",1
"D3982","Non-Acute (Outpatient)",0
"D3561","Non-Acute (Outpatient)",0
"D7317","Non-Acute (Outpatient)",1
"D9581","Non-Acute (Outpatient)",1
"D0460","Non-Acute (Outpatient)",0
"D4244","Acute (Inpatient)",0
"D0091","Non-Acute (Outpatient)",0
"D7038","Non-Acute (Outpatient)",1
"D7809","Non-Acute (Outpatient)",0
"D5648","Non-Acute (Outpatient)",0
"D0233","Acute (Inpatient)",0
"D0076","Non-Acute (Outpatient)",0
"D9889","Non-Acute (Outpatient)",1
"D2017","Non-Acute (Outpatient)",0
"D8233","Non-Acute (Outpatient)",0
"D3610","Non-Acute (Outpatient)",0
"D7812","Non-Acute (Outpatient)",1
"D4534","Non-Acute (Outpatient)",1
"D2971","Non-Acute (Outpatient)",0
"D4824","Non-Acute (Outpatient)",1
"D4312","Non-Acute (Outpatient)",1
"D6988","Non-Acute (Outpatient)",1
"D6750","Non-Acute (Outpatient)",0
"D0069","Non-Acute (Outpatient)",1
"D0790","Non-Acute (Outpatient)",0
"D4606","Non-Acute (Outpatient)",1
"D7775","Non-Acute (Outpatient)",0
"D8167","Non-Acute (Outpatient)",1
"D3649","Non-Acute (Outpatient)",1
"D2510","Non-Acute (Outpatient)",1
"D0662","Non-Acute (Outpatient)",1
"D7668","Non-Acute (Outpatient)",0
"D9468","Non-Acute (Outpatient)",1
"D5357","Non-Acute (Outpatient)",1
"D9597","Non-Acute (Outpatient)",1
"D8453","Non-Acute (Outpatient)",1
"D9312","Non-Acute (Outpatient)",1
"D4576","Non-Acute (Outpatient)",1
"D9388","Acute (Inpatient)",0
"D8107","Non-Acute (Outpatient)",0
"D9303","Non-Acute (Outpatient)",1
"D8339","Acute (Inpatient)",0
"D9877","Non-Acute (Outpatient)",1
"D3697","Non-Acute (Outpatient)",0
"D1708","Non-Acute (Outpatient)",1
"D8231","Non-Acute (Outpatient)",1
"D5870","Non-Acute (Outpatient)",1
"D9616","Non-Acute (Outpatient)",1
"D4891","Non-Acute (Outpatient)",1
"D2535","Acute (Inpatient)",0
"D6782","Acute (Inpatient)",0
"D6171","Non-Acute (Outpatient)",1
"D3225","Acute (Inpatient)",0
"D4905","Non-Acute (Outpatient)",1
"D0840","Non-Acute (Outpatient)",1
"D5920","Non-Acute (Outpatient)",1
"D8790","Non-Acute (Outpatient)",1
"D5533","Non-Acute (Outpatient)",0
"D2995","Non-Acute (Outpatient)",0
"D7943","Non-Acute (Outpatient)",1
"D7758","Non-Acute (Outpatient)",1
"D5990","Non-Acute (Outpatient)",1
"D5477","Non-Acute (Outpatient)",1
"D4834","Non-Acute (Outpatient)",0
"D6848","Non-Acute (Outpatient)",1
"D4800","Non-Acute (Outpatient)",0
"D7465","Non-Acute (Outpatient)",1
"D2115","Non-Acute (Outpatient)",1
"D2485","Non-Acute (Outpatient)",1
"D8557","Non-Acute (Outpatient)",1
"D7890","Non-Acute (Outpatient)",0
"D7428","Non-Acute (Outpatient)",1
"D5209","Non-Acute (Outpatient)",0
"D3778","Non-Acute (Outpatient)",0
"D2721","Non-Acute (Outpatient)",1
"D1253","Non-Acute (Outpatient)",1
"D6913","Non-Acute (Outpatient)",0
"D0085","Acute (Inpatient)",0
"D4160","Acute (Inpatient)",0
"D4391","Non-Acute (Outpatient)",1
"D7843","Non-Acute (Outpatient)",0
"D5896","Non-Acute (Outpatient)",0
"D1421","Non-Acute (Outpatient)",1
"D5933","Non-Acute (Outpatient)",1
"D2108","Non-Acute (Outpatient)",1
"D2654","Non-Acute (Outpatient)",0
"D9931","Acute (Inpatient)",0
"D4808","Non-Acute (Outpatient)",1
"D8277","Acute (Inpatient)",0
"D6032","Acute (Inpatient)",0
"D8178","Non-Acute (Outpatient)",1
"D9555","Acute (Inpatient)",0
"D6504","Non-Acute (Outpatient)",1
"D6276","Non-Acute (Outpatient)",1
"D0622","Non-Acute (Outpatient)",0
"D9382","Non-Acute (Outpatient)",1
"D8987","Non-Acute (Outpatient)",1
"D6948","Non-Acute (Outpatient)",1
"D3104","Non-Acute (Outpatient)",0
"D3436","Non-Acute (Outpatient)",1
"D0763","Non-Acute (Outpatient)",0
"D6088","Non-Acute (Outpatient)",1
"D1698","Non-Acute (Outpatient)",1
"D3619","Non-Acute (Outpatient)",0
"D9322","Non-Acute (Outpatient)",0
"D9580","Non-Acute (Outpatient)",0
"D2066","Non-Acute (Outpatient)",1
"D1597","Non-Acute (Outpatient)",0
"D5718","Non-Acute (Outpatient)",0
"D5929","Non-Acute (Outpatient)",1
"D6986","Non-Acute (Outpatient)",1
"D3058","Non-Acute (Outpatient)",1
"D3939","Non-Acute (Outpatient)",0
"D3369","Non-Acute (Outpatient)",1
"D1290","Non-Acute (Outpatient)",1
"D0870","Non-Acute (Outpatient)",0
"D5489","Non-Acute (Outpatient)",1
"D3178","Non-Acute (Outpatient)",0
"D7235","Non-Acute (Outpatient)",1
"D5721","Non-Acute (Outpatient)",0
"D7172","Non-Acute (Outpatient)",0
"D9765","Non-Acute (Outpatient)",1
"D9130","Non-Acute (Outpatient)",0
"D8973","Non-Acute (Outpatient)",1
"D8352","Non-Acute (Outpatient)",0
"D0480","Non-Acute (Outpatient)",1
"D3593","Non-Acute (Outpatient)",0
"D2958","Non-Acute (Outpatient)",0
"D6291","Non-Acute (Outpatient)",0
"D1362","Non-Acute (Outpatient)",0
"D8647","Non-Acute (Outpatient)",0
"D2503","Non-Acute (Outpatient)",1
"D0296","Non-Acute (Outpatient)",1
