RESTORE.ID,subjType,noArmPain
1,Acute (Inpatient),1
1,,1
1,,0
1,,0
2,Acute (Inpatient),0
3,Non-Acute (Outpatient),0
4,Acute (Inpatient),0
4,,0
4,,0
5,Acute (Inpatient),1
6,Non-Acute (Outpatient),1
7,Non-Acute (Outpatient),1
7,,0
8,Non-Acute (Outpatient),0
8,,0
9,Non-Acute (Outpatient),1
9,,0
10,Acute (Inpatient),1
10,,0
11,Acute (Inpatient),0
11,,0
11,,0
12,Acute (Inpatient),0
12,,0
13,Non-Acute (Outpatient),1
13,,0
14,Non-Acute (Outpatient),0
14,,1
15,Acute (Inpatient),1
15,,0
16,Acute (Inpatient),1
16,,1
17,Non-Acute (Outpatient),1
17,,0
18,Acute (Inpatient),1
18,,0
18,,0
19,Non-Acute (Outpatient),0
19,,0
20,Acute (Inpatient),1
20,,0
21,Non-Acute (Outpatient),0
22,Acute (Inpatient),0
22,,0
23,Non-Acute (Outpatient),1
24,Acute (Inpatient),1
24,,0
24,,1
25,Acute (Inpatient),1
26,Non-Acute (Outpatient),0
27,Acute (Inpatient),1
27,,0
28,Acute (Inpatient),0
29,Acute (Inpatient),1
29,,0
30,Acute (Inpatient),0
30,,0
31,Acute (Inpatient),0
31,,0
31,,0
32,Non-Acute (Outpatient),1
33,Acute (Inpatient),1
33,,0
33,,0
34,Acute (Inpatient),1
35,Acute (Inpatient),1
36,Acute (Inpatient),1
36,,0
36,,0
37,Acute (Inpatient),1
38,Acute (Inpatient),0
38,,1
39,Acute (Inpatient),1
39,,0
40,Acute (Inpatient),1
40,,0
40,,1
41,Acute (Inpatient),0
41,,0
41,,0
42,Acute (Inpatient),1
42,,1
43,Acute (Inpatient),1
43,,0
43,,0
43,,0
44,Non-Acute (Outpatient),0
44,,0
45,Acute (Inpatient),1
45,,0
46,Acute (Inpatient),0
46,,1
47,Non-Acute (Outpatient),0
47,,1
48,Acute (Inpatient),0
48,,0
48,,0
49,Acute (Inpatient),1
50,Acute (Inpatient),1
51,Acute (Inpatient),1
51,,0
51,,0
52,Acute (Inpatient),1
52,,0
52,,1
52,,0
53,Acute (Inpatient),1
53,,0
54,Acute (Inpatient),0
55,Acute (Inpatient),1
56,Acute (Inpatient),1
56,,0
56,,0
57,Non-Acute (Outpatient),1
58,Non-Acute (Outpatient),0
59,Non-Acute (Outpatient),1
60,Non-Acute (Outpatient),0
61,Non-Acute (Outpatient),0
62,Non-Acute (Outpatient),1
63,Non-Acute (Outpatient),0
64,Acute (Inpatient),1
65,Acute (Inpatient),0
66,Acute (Inpatient),1
66,,0
66,,0
66,,0
67,Acute (Inpatient),0
68,Non-Acute (Outpatient),0
68,,1
69,Acute (Inpatient),1
69,,0
70,Non-Acute (Outpatient),0
71,Acute (Inpatient),1
71,,1
72,Acute (Inpatient),1
72,,0
72,,0
72,,0
72,,0
73,Acute (Inpatient),1
73,,1
74,Non-Acute (Outpatient),1
75,Acute (Inpatient),1
75,,0
76,Acute (Inpatient),1
77,Acute (Inpatient),1
78,Acute (Inpatient),1
79,Acute (Inpatient),1
79,,0
79,,0
80,Acute (Inpatient),1
80,,0
80,,0
80,,0
81,Acute (Inpatient),1
82,Acute (Inpatient),1
83,Acute (Inpatient),1
83,,0
84,Acute (Inpatient),0
85,Non-Acute (Outpatient),0
86,Non-Acute (Outpatient),0
86,,0
87,Acute (Inpatient),1
87,,1
88,Non-Acute (Outpatient),0
89,Acute (Inpatient),1
89,,0
90,Acute (Inpatient),1
90,,0
91,Acute (Inpatient),1
91,,0
92,Non-Acute (Outpatient),0
92,,0
94,Acute (Inpatient),1
95,Acute (Inpatient),1
96,Acute (Inpatient),1
97,Non-Acute (Outpatient),0
98,Acute (Inpatient),0
99,Acute (Inpatient),0
100,Acute (Inpatient),1
100,,0
100,,0
101,Acute (Inpatient),1
101,,0
101,,0
102,Acute (Inpatient),1
103,Acute (Inpatient),1
103,,1
104,Non-Acute (Outpatient),0
105,Non-Acute (Outpatient),1
107,Non-Acute (Outpatient),1
107,,0
107,,0
108,Non-Acute (Outpatient),0
109,Acute (Inpatient),1
109,,0
110,Non-Acute (Outpatient),0
111,Acute (Inpatient),1
111,,1
112,Non-Acute (Outpatient),0
112,,0
113,Acute (Inpatient),1
113,,0
114,Acute (Inpatient),0
114,,0
115,Non-Acute (Outpatient),0
116,Non-Acute (Outpatient),0
117,Acute (Inpatient),1
117,,0
118,Non-Acute (Outpatient),1
119,Acute (Inpatient),0
120,Non-Acute (Outpatient),0
121,Acute (Inpatient),1
121,,0
121,,0
122,Non-Acute (Outpatient),1
122,,0
123,Acute (Inpatient),1
123,,0
124,Non-Acute (Outpatient),0
125,Non-Acute (Outpatient),0
125,,0
126,Acute (Inpatient),1
126,,0
126,,0
127,Non-Acute (Outpatient),0
128,Acute (Inpatient),1
129,Non-Acute (Outpatient),0
129,,0
130,Acute (Inpatient),1
130,,0
131,Acute (Inpatient),1
132,Acute (Inpatient),1
133,Acute (Inpatient),1
133,,0
134,Acute (Inpatient),1
134,,0
134,,0
134,,0
135,Acute (Inpatient),0
136,Non-Acute (Outpatient),1
137,Acute (Inpatient),1
137,,0
137,,0
137,,1
138,Acute (Inpatient),1
138,,0
138,,0
139,Non-Acute (Outpatient),0
140,Acute (Inpatient),1
140,,0
141,Non-Acute (Outpatient),1
142,Acute (Inpatient),1
143,Acute (Inpatient),1
143,,1
144,Acute (Inpatient),1
144,,0
145,Acute (Inpatient),0
145,,0
146,Non-Acute (Outpatient),1
147,Non-Acute (Outpatient),0
147,,0
148,Acute (Inpatient),0
149,Acute (Inpatient),1
149,,0
150,Acute (Inpatient),1
151,Non-Acute (Outpatient),0
152,Non-Acute (Outpatient),0
153,Acute (Inpatient),1
153,,0
154,Acute (Inpatient),1
154,,0
155,Non-Acute (Outpatient),1
156,Acute (Inpatient),1
157,Acute (Inpatient),0
157,,0
158,Acute (Inpatient),1
158,,0
158,,0
159,Acute (Inpatient),0
159,,0
160,Acute (Inpatient),1
161,Acute (Inpatient),1
161,,0
162,Acute (Inpatient),1
162,,0
163,Non-Acute (Outpatient),0
164,Acute (Inpatient),1
164,,0
165,Acute (Inpatient),1
165,,0
166,Acute (Inpatient),1
167,Acute (Inpatient),0
167,,0
168,Acute (Inpatient),1
169,Acute (Inpatient),1
169,,0
170,Acute (Inpatient),1
171,Non-Acute (Outpatient),1
172,Acute (Inpatient),1
172,,0
174,Acute (Inpatient),1
174,,0
175,Acute (Inpatient),1
175,,1
175,,0
176,Acute (Inpatient),1
177,Acute (Inpatient),0
179,Non-Acute (Outpatient),0
180,Non-Acute (Outpatient),0
181,Acute (Inpatient),1
182,Non-Acute (Outpatient),0
182,,0
183,Acute (Inpatient),1
183,,0
184,Acute (Inpatient),1
184,,1
184,,0
185,Non-Acute (Outpatient),1
186,Acute (Inpatient),0
186,,0
187,Non-Acute (Outpatient),1
188,Acute (Inpatient),1
188,,0
189,Acute (Inpatient),0
189,,0
189,,0
190,Acute (Inpatient),1
191,Acute (Inpatient),1
192,Acute (Inpatient),0
192,,0
193,Acute (Inpatient),0
193,,1
194,Acute (Inpatient),0
195,Acute (Inpatient),1
195,,0
196,Non-Acute (Outpatient),1
197,Acute (Inpatient),1
197,,0
198,Acute (Inpatient),1
198,,0
199,Acute (Inpatient),1
199,,0
200,Acute (Inpatient),0
200,,0
201,Non-Acute (Outpatient),0
202,Non-Acute (Outpatient),1
203,Non-Acute (Outpatient),0
204,Non-Acute (Outpatient),1
204,,0
205,Non-Acute (Outpatient),1
206,Non-Acute (Outpatient),1
206,,0
207,Acute (Inpatient),0
208,Acute (Inpatient),1
209,Acute (Inpatient),1
210,Non-Acute (Outpatient),1
211,Acute (Inpatient),1
212,Non-Acute (Outpatient),1
212,,0
213,Non-Acute (Outpatient),1
214,Acute (Inpatient),1
214,,0
215,Non-Acute (Outpatient),1
216,Acute (Inpatient),1
216,,0
216,,0
217,Acute (Inpatient),1
217,,0
218,Acute (Inpatient),0
218,,0
219,Non-Acute (Outpatient),0
219,,0
220,Acute (Inpatient),1
221,Acute (Inpatient),1
221,,0
222,Non-Acute (Outpatient),1
223,Non-Acute (Outpatient),1
224,Non-Acute (Outpatient),1
224,,0
225,Acute (Inpatient),1
225,,0
225,,0
226,Non-Acute (Outpatient),0
226,,0
227,Acute (Inpatient),1
227,,0
228,Acute (Inpatient),0
229,Acute (Inpatient),1
229,,0
230,Acute (Inpatient),0
231,Acute (Inpatient),1
232,Acute (Inpatient),1
233,Non-Acute (Outpatient),0
234,Non-Acute (Outpatient),0
235,Non-Acute (Outpatient),0
236,Non-Acute (Outpatient),1
236,,0
237,Non-Acute (Outpatient),1
238,Non-Acute (Outpatient),1
239,Acute (Inpatient),1
239,,0
239,,1
240,Non-Acute (Outpatient),1
240,,0
241,Non-Acute (Outpatient),1
242,Acute (Inpatient),1
243,Acute (Inpatient),0
243,,0
244,Acute (Inpatient),1
244,,0
244,,0
245,Non-Acute (Outpatient),0
245,,0
246,Non-Acute (Outpatient),1
247,Acute (Inpatient),1
248,Acute (Inpatient),1
249,Acute (Inpatient),0
250,Non-Acute (Outpatient),1
251,Acute (Inpatient),0
252,Acute (Inpatient),1
253,Non-Acute (Outpatient),1
253,,0
254,Non-Acute (Outpatient),1
255,Non-Acute (Outpatient),1
255,,0
256,Acute (Inpatient),1
256,,0
257,Non-Acute (Outpatient),0
258,Acute (Inpatient),0
259,Acute (Inpatient),0
260,Acute (Inpatient),0
261,Non-Acute (Outpatient),0
262,Non-Acute (Outpatient),0
263,Non-Acute (Outpatient),0
264,Non-Acute (Outpatient),0
264,,0
265,Acute (Inpatient),1
265,,0
265,,0
266,Acute (Inpatient),1
267,Acute (Inpatient),1
267,,0
268,Non-Acute (Outpatient),0
269,Acute (Inpatient),1
270,Acute (Inpatient),1
270,,0
271,Acute (Inpatient),1
271,,0
272,Acute (Inpatient),1
273,Non-Acute (Outpatient),1
274,Non-Acute (Outpatient),0
275,Non-Acute (Outpatient),1
275,,1
276,Acute (Inpatient),0
276,,0
277,Acute (Inpatient),0
277,,0
277,,0
278,Acute (Inpatient),0
279,Acute (Inpatient),0
280,Acute (Inpatient),0
280,,0
280,,0
280,,0
281,,0
281,,0
281,,0
281,,0
282,,0
282,,0
282,,0
282,,0
283,,0
284,,0
285,,0
286,,0
287,,0
288,,0
289,,0
290,,0
291,,0
292,,0
293,,0
294,Non-Acute (Outpatient),0
294,,0
295,,0
296,,0
297,Non-Acute (Outpatient),0
298,,0
299,,0
300,,1
301,,0
302,,0
303,,0
304,,0
305,,0
306,,0
307,,0
308,,0
308,,1
309,,0
310,,0
311,,0
311,,0
312,,0
313,,0
314,,0
315,,0
316,,0
317,,0
317,,1
318,,0
319,,0
320,,0
321,,0
322,,0
323,,0
324,,0
325,,0
326,,0
327,,0
328,,0
328,,1
329,,0
329,,0
330,,0
331,,0
331,,0
332,Acute (Inpatient),0
333,Non-Acute (Outpatient),0
333,,0
333,,1
334,,0
335,,0
336,,0
337,,0
338,,0
339,,0
339,,0
340,Acute (Inpatient),0
340,,0
341,,0
342,,0
343,Acute (Inpatient),0
344,,0
344,,0
345,,0
346,,0
347,,0
348,Acute (Inpatient),0
349,,0
350,,0
351,Acute (Inpatient),0
351,,0
352,,0
353,Non-Acute (Outpatient),1
354,Non-Acute (Outpatient),1
355,Acute (Inpatient),1
355,,0
356,Non-Acute (Outpatient),0
356,,0
357,Acute (Inpatient),1
358,Acute (Inpatient),1
358,,0
359,Acute (Inpatient),1
360,Acute (Inpatient),1
360,,0
361,Acute (Inpatient),1
362,Non-Acute (Outpatient),1
363,Acute (Inpatient),1
363,,0
364,Acute (Inpatient),1
365,Acute (Inpatient),1
365,,0
366,Non-Acute (Outpatient),0
367,Acute (Inpatient),0
368,Acute (Inpatient),0
369,Acute (Inpatient),1
370,Acute (Inpatient),1
371,Non-Acute (Outpatient),0
372,Non-Acute (Outpatient),0
372,,0
373,Acute (Inpatient),1
373,,0
374,Acute (Inpatient),1
375,Acute (Inpatient),1
375,,0
376,Non-Acute (Outpatient),0
377,Non-Acute (Outpatient),1
378,Acute (Inpatient),0
379,Non-Acute (Outpatient),0
380,Acute (Inpatient),1
381,Non-Acute (Outpatient),1
382,Acute (Inpatient),1
383,Acute (Inpatient),1
383,,0
384,Acute (Inpatient),1
384,,0
385,Acute (Inpatient),1
385,,0
385,,0
385,,0
386,Acute (Inpatient),1
386,,0
387,Acute (Inpatient),1
387,,0
387,,0
388,Acute (Inpatient),1
389,Acute (Inpatient),1
389,,0
390,Acute (Inpatient),1
391,Acute (Inpatient),1
391,,0
392,Acute (Inpatient),1
392,,0
392,,0
393,Acute (Inpatient),0
393,,0
394,Acute (Inpatient),1
394,,1
395,Acute (Inpatient),1
395,,0
396,Acute (Inpatient),1
397,Acute (Inpatient),0
397,,1
398,Acute (Inpatient),0
398,,0
399,Acute (Inpatient),1
399,,0
399,,0
399,,0
400,Acute (Inpatient),1
400,,0
401,Non-Acute (Outpatient),0
402,Acute (Inpatient),1
403,Non-Acute (Outpatient),0
404,Non-Acute (Outpatient),0
405,Acute (Inpatient),1
405,,0
405,,0
405,,1
406,Acute (Inpatient),1
406,,0
407,Non-Acute (Outpatient),1
408,Acute (Inpatient),1
409,Non-Acute (Outpatient),0
410,Acute (Inpatient),1
411,Acute (Inpatient),1
412,Acute (Inpatient),1
412,,0
413,Acute (Inpatient),1
413,,0
413,,0
414,Acute (Inpatient),1
414,,0
414,,0
415,Acute (Inpatient),0
416,Acute (Inpatient),0
417,Non-Acute (Outpatient),1
417,,0
417,,0
418,Acute (Inpatient),1
419,Acute (Inpatient),0
420,Acute (Inpatient),0
420,,0
421,Acute (Inpatient),1
422,Acute (Inpatient),0
422,,0
423,Non-Acute (Outpatient),1
424,Acute (Inpatient),0
424,,0
425,Acute (Inpatient),1
425,,0
425,,0
425,,0
425,,0
426,Acute (Inpatient),1
426,,0
427,Acute (Inpatient),0
427,,0
428,Acute (Inpatient),1
429,Acute (Inpatient),1
429,,0
429,,0
430,Acute (Inpatient),1
430,,0
430,,0
431,Non-Acute (Outpatient),0
432,Non-Acute (Outpatient),0
432,,0
433,Acute (Inpatient),1
434,Acute (Inpatient),1
434,,0
435,Acute (Inpatient),0
436,Acute (Inpatient),0
436,,0
436,,0
437,Acute (Inpatient),1
437,,0
438,Non-Acute (Outpatient),1
439,Acute (Inpatient),0
439,,0
440,Acute (Inpatient),1
440,,0
441,Acute (Inpatient),0
441,,0
442,Acute (Inpatient),1
443,Acute (Inpatient),1
443,,0
444,Acute (Inpatient),0
445,Acute (Inpatient),0
446,Non-Acute (Outpatient),1
447,Acute (Inpatient),0
448,Acute (Inpatient),1
448,,0
449,Non-Acute (Outpatient),1
450,Acute (Inpatient),0
452,Non-Acute (Outpatient),1
453,Acute (Inpatient),0
454,Acute (Inpatient),1
454,,0
455,Acute (Inpatient),1
455,,1
456,Non-Acute (Outpatient),1
457,Acute (Inpatient),1
457,,0
458,Acute (Inpatient),1
459,Acute (Inpatient),0
460,Non-Acute (Outpatient),0
461,Acute (Inpatient),1
461,,0
461,,0
462,Acute (Inpatient),1
462,,0
463,Acute (Inpatient),1
464,Acute (Inpatient),1
464,,0
465,Acute (Inpatient),1
465,,0
466,Acute (Inpatient),1
466,,0
467,Non-Acute (Outpatient),1
468,Acute (Inpatient),1
469,Non-Acute (Outpatient),0
470,Non-Acute (Outpatient),1
471,Non-Acute (Outpatient),1
471,,0
472,Acute (Inpatient),1
473,Acute (Inpatient),1
474,Acute (Inpatient),0
474,,0
475,Acute (Inpatient),1
476,Acute (Inpatient),1
476,,0
477,Acute (Inpatient),1
477,,0
477,,0
478,Acute (Inpatient),1
478,,0
478,,0
479,Non-Acute (Outpatient),0
480,Acute (Inpatient),0
480,,0
480,,0
480,,0
481,Acute (Inpatient),1
482,Non-Acute (Outpatient),0
483,Acute (Inpatient),1
484,Non-Acute (Outpatient),0
485,Acute (Inpatient),1
485,,0
486,Acute (Inpatient),1
487,Acute (Inpatient),1
488,Acute (Inpatient),0
488,,0
489,Acute (Inpatient),1
489,,0
490,Acute (Inpatient),0
491,Acute (Inpatient),0
492,Acute (Inpatient),1
492,,0
492,,0
493,Acute (Inpatient),1
494,Acute (Inpatient),1
495,Acute (Inpatient),1
495,,0
496,Acute (Inpatient),0
497,Acute (Inpatient),1
497,,0
498,Acute (Inpatient),0
498,,0
499,Acute (Inpatient),1
499,,0
500,Acute (Inpatient),1
501,Acute (Inpatient),1
501,,0
502,Acute (Inpatient),1
503,Non-Acute (Outpatient),0
504,Acute (Inpatient),0
504,,0
505,Non-Acute (Outpatient),0
505,,0
506,Acute (Inpatient),0
506,,0
507,Non-Acute (Outpatient),0
508,Non-Acute (Outpatient),1
509,Acute (Inpatient),0
510,Acute (Inpatient),0
511,Acute (Inpatient),0
511,,0
511,,0
512,Acute (Inpatient),0
512,,0
512,,0
513,Non-Acute (Outpatient),1
514,Acute (Inpatient),0
514,,0
514,,0
515,Acute (Inpatient),0
516,Acute (Inpatient),0
517,Acute (Inpatient),0
518,Acute (Inpatient),0
518,,0
518,,0
518,,0
518,,0
519,Acute (Inpatient),0
519,,0
519,,0
520,Non-Acute (Outpatient),1
520,,0
521,Acute (Inpatient),0
521,,0
521,,0
521,,0
522,Acute (Inpatient),0
522,,0
522,,0
523,Acute (Inpatient),0
524,Acute (Inpatient),0
524,,0
524,,0
524,,0
525,Acute (Inpatient),0
526,Acute (Inpatient),0
526,,0
526,,0
527,Acute (Inpatient),0
527,,0
527,,0
528,Non-Acute (Outpatient),1
529,Acute (Inpatient),0
530,Acute (Inpatient),0
530,,0
531,Non-Acute (Outpatient),0
532,Acute (Inpatient),0
533,Acute (Inpatient),0
533,,0
533,,0
534,Acute (Inpatient),0
534,,0
534,,0
534,,0
535,Acute (Inpatient),0
536,Non-Acute (Outpatient),1
537,Non-Acute (Outpatient),1
538,Non-Acute (Outpatient),0
538,,0
540,Acute (Inpatient),0
540,,0
541,Non-Acute (Outpatient),0
542,Acute (Inpatient),0
542,,0
543,Acute (Inpatient),0
544,Acute (Inpatient),0
544,,0
545,Acute (Inpatient),0
545,,0
545,,0
545,,0
546,Acute (Inpatient),0
547,Non-Acute (Outpatient),1
548,Non-Acute (Outpatient),0
548,,0
549,Acute (Inpatient),0
550,Acute (Inpatient),0
550,,0
550,,0
550,,0
550,,0
551,Acute (Inpatient),0
551,,0
551,,0
552,Acute (Inpatient),0
552,,0
553,Acute (Inpatient),0
553,,0
553,,0
553,,0
553,,1
554,Non-Acute (Outpatient),1
555,Acute (Inpatient),0
556,Non-Acute (Outpatient),0
556,,0
557,Non-Acute (Outpatient),1
558,Acute (Inpatient),0
560,Acute (Inpatient),0
561,Acute (Inpatient),0
562,Acute (Inpatient),0
562,,0
562,,0
562,,0
562,,0
564,Non-Acute (Outpatient),1
565,Acute (Inpatient),0
565,,0
565,,0
565,,0
565,,0
566,Acute (Inpatient),0
566,,0
568,Non-Acute (Outpatient),0
569,Acute (Inpatient),0
569,,0
569,,0
569,,0
570,Acute (Inpatient),0
570,,0
570,,0
571,Acute (Inpatient),0
571,,0
572,Acute (Inpatient),0
572,,0
573,Non-Acute (Outpatient),0
574,Acute (Inpatient),0
575,Acute (Inpatient),0
576,Acute (Inpatient),0
577,Acute (Inpatient),0
577,,0
578,Acute (Inpatient),0
578,,0
578,,0
578,,0
579,Acute (Inpatient),0
579,,0
579,,0
579,,0
581,Non-Acute (Outpatient),1
582,Non-Acute (Outpatient),1
583,Acute (Inpatient),0
584,Acute (Inpatient),0
584,,0
585,Non-Acute (Outpatient),1
585,,0
586,Acute (Inpatient),0
586,,0
586,,0
586,,0
586,,0
587,Non-Acute (Outpatient),1
588,Acute (Inpatient),0
588,,0
589,Acute (Inpatient),0
589,,0
590,Non-Acute (Outpatient),0
591,Non-Acute (Outpatient),1
592,Acute (Inpatient),0
592,,0
592,,0
593,Non-Acute (Outpatient),0
594,Acute (Inpatient),0
594,,0
594,,0
595,Acute (Inpatient),0
595,,0
595,,0
596,Non-Acute (Outpatient),1
597,Non-Acute (Outpatient),0
598,Non-Acute (Outpatient),1
599,Acute (Inpatient),0
600,Non-Acute (Outpatient),0
601,Non-Acute (Outpatient),1
602,Non-Acute (Outpatient),0
603,Non-Acute (Outpatient),1
603,,0
604,Non-Acute (Outpatient),1
605,Non-Acute (Outpatient),1
606,Non-Acute (Outpatient),1
607,Non-Acute (Outpatient),0
608,Non-Acute (Outpatient),1
609,Non-Acute (Outpatient),0
610,Non-Acute (Outpatient),1
611,Non-Acute (Outpatient),0
612,Non-Acute (Outpatient),0
613,Non-Acute (Outpatient),0
614,Non-Acute (Outpatient),1
615,Non-Acute (Outpatient),1
616,Non-Acute (Outpatient),1
617,Acute (Inpatient),0
617,,0
618,Acute (Inpatient),0
618,,0
619,Non-Acute (Outpatient),0
619,,0
621,Non-Acute (Outpatient),0
622,Non-Acute (Outpatient),1
623,Non-Acute (Outpatient),1
624,Non-Acute (Outpatient),1
624,,0
625,Non-Acute (Outpatient),1
625,,0
626,Acute (Inpatient),0
626,,0
626,,0
627,Acute (Inpatient),0
628,Non-Acute (Outpatient),1
629,Acute (Inpatient),0
630,Non-Acute (Outpatient),1
631,Non-Acute (Outpatient),1
632,Acute (Inpatient),0
632,,0
633,Acute (Inpatient),0
633,,0
634,Acute (Inpatient),0
634,,0
635,Acute (Inpatient),0
635,,0
635,,0
636,Non-Acute (Outpatient),1
636,,0
637,Acute (Inpatient),0
638,Non-Acute (Outpatient),1
639,Non-Acute (Outpatient),0
640,Acute (Inpatient),0
641,Acute (Inpatient),0
641,,0
641,,0
641,,0
642,Acute (Inpatient),0
643,Acute (Inpatient),0
643,,0
643,,0
644,Non-Acute (Outpatient),0
645,Acute (Inpatient),0
646,Non-Acute (Outpatient),1
646,,0
647,Non-Acute (Outpatient),1
648,Acute (Inpatient),0
648,,0
649,Non-Acute (Outpatient),1
649,,0
650,Acute (Inpatient),0
650,,0
650,,0
651,Non-Acute (Outpatient),0
652,Acute (Inpatient),0
653,Acute (Inpatient),0
654,Acute (Inpatient),0
654,,0
655,Acute (Inpatient),0
655,,0
655,,0
655,,0
657,Non-Acute (Outpatient),1
657,,0
658,Non-Acute (Outpatient),1
659,Non-Acute (Outpatient),1
660,Acute (Inpatient),0
660,,0
661,Non-Acute (Outpatient),0
662,Non-Acute (Outpatient),1
663,Acute (Inpatient),0
663,,0
664,Acute (Inpatient),0
665,Non-Acute (Outpatient),0
665,,0
666,Acute (Inpatient),0
667,Non-Acute (Outpatient),0
668,Non-Acute (Outpatient),0
669,Acute (Inpatient),0
670,Non-Acute (Outpatient),1
671,Acute (Inpatient),0
672,Acute (Inpatient),0
673,Acute (Inpatient),0
675,Non-Acute (Outpatient),0
675,,0
676,Non-Acute (Outpatient),0
677,Acute (Inpatient),0
677,,0
678,Acute (Inpatient),0
678,,0
679,Non-Acute (Outpatient),1
680,Acute (Inpatient),0
680,,0
681,Acute (Inpatient),0
681,,0
681,,0
682,Acute (Inpatient),0
682,,0
682,,0
682,,0
683,Non-Acute (Outpatient),1
684,Non-Acute (Outpatient),0
685,Non-Acute (Outpatient),0
686,Acute (Inpatient),0
686,,0
687,Acute (Inpatient),0
688,Acute (Inpatient),0
688,,0
689,Non-Acute (Outpatient),0
690,Non-Acute (Outpatient),1
690,,0
691,Acute (Inpatient),0
691,,0
691,,0
692,Acute (Inpatient),0
692,,0
693,Acute (Inpatient),0
694,Acute (Inpatient),0
694,,0
696,Non-Acute (Outpatient),0
697,Non-Acute (Outpatient),1
698,Non-Acute (Outpatient),1
699,Acute (Inpatient),0
700,Acute (Inpatient),0
700,,0
701,Acute (Inpatient),0
701,,0
701,,0
703,Non-Acute (Outpatient),1
703,,0
704,Non-Acute (Outpatient),1
704,,0
705,Non-Acute (Outpatient),1
706,Acute (Inpatient),0
706,,0
707,Acute (Inpatient),0
707,,0
708,Acute (Inpatient),0
709,Acute (Inpatient),0
712,Acute (Inpatient),0
712,,0
713,Acute (Inpatient),0
714,Non-Acute (Outpatient),1
714,,0
715,Acute (Inpatient),0
715,,0
716,Acute (Inpatient),0
716,,0
716,,0
717,Acute (Inpatient),0
717,,0
717,,0
718,Acute (Inpatient),0
718,,0
718,,0
719,Non-Acute (Outpatient),1
720,Non-Acute (Outpatient),1
721,Non-Acute (Outpatient),1
722,Non-Acute (Outpatient),0
722,,0
723,Acute (Inpatient),0
724,Acute (Inpatient),0
725,Non-Acute (Outpatient),0
725,,0
726,Acute (Inpatient),0
727,Non-Acute (Outpatient),0
728,Non-Acute (Outpatient),1
728,,0
729,Acute (Inpatient),0
730,Acute (Inpatient),0
732,Acute (Inpatient),0
732,,0
733,Acute (Inpatient),1
733,,0
733,,0
734,Acute (Inpatient),0
734,,0
735,Non-Acute (Outpatient),1
736,Non-Acute (Outpatient),1
737,Non-Acute (Outpatient),0
738,Acute (Inpatient),0
739,Acute (Inpatient),0
739,,0
740,Non-Acute (Outpatient),0
740,,0
741,Acute (Inpatient),0
741,,0
741,,0
742,Non-Acute (Outpatient),0
743,Non-Acute (Outpatient),0
744,Non-Acute (Outpatient),0
744,,0
745,Acute (Inpatient),0
745,,0
746,Non-Acute (Outpatient),1
747,Non-Acute (Outpatient),0
748,Non-Acute (Outpatient),0
749,Acute (Inpatient),0
749,,0
750,Acute (Inpatient),0
750,,0
751,Non-Acute (Outpatient),1
752,Non-Acute (Outpatient),1
753,Acute (Inpatient),0
753,,0
754,Non-Acute (Outpatient),1
755,Non-Acute (Outpatient),0
756,Non-Acute (Outpatient),1
757,Acute (Inpatient),0
758,Non-Acute (Outpatient),0
759,Non-Acute (Outpatient),1
760,Non-Acute (Outpatient),1
760,,0
761,Acute (Inpatient),0
761,,0
762,Acute (Inpatient),0
762,,0
763,Non-Acute (Outpatient),1
764,Non-Acute (Outpatient),1
765,Acute (Inpatient),0
765,,0
765,,0
766,Non-Acute (Outpatient),0
767,Acute (Inpatient),0
767,,0
768,Acute (Inpatient),0
768,,0
770,Non-Acute (Outpatient),0
771,Non-Acute (Outpatient),1
772,Acute (Inpatient),0
772,,0
772,,0
772,,0
773,Non-Acute (Outpatient),0
774,Non-Acute (Outpatient),1
775,Non-Acute (Outpatient),0
775,,0
776,Acute (Inpatient),0
777,Non-Acute (Outpatient),1
777,,0
778,Acute (Inpatient),0
778,,0
779,Acute (Inpatient),0
779,,0
780,Acute (Inpatient),0
780,,0
781,Acute (Inpatient),0
782,Non-Acute (Outpatient),0
782,,0
783,Non-Acute (Outpatient),0
783,,0
784,Non-Acute (Outpatient),1
784,,0
785,Acute (Inpatient),0
785,,0
785,,0
786,Acute (Inpatient),0
787,Non-Acute (Outpatient),1
787,,0
788,Non-Acute (Outpatient),1
789,Acute (Inpatient),0
789,,0
790,Acute (Inpatient),0
791,Acute (Inpatient),0
791,,0
792,Non-Acute (Outpatient),1
793,Acute (Inpatient),0
793,,0
794,Acute (Inpatient),1
794,,0
794,,0
794,,0
795,Acute (Inpatient),0
795,,0
796,Acute (Inpatient),0
796,,0
797,Non-Acute (Outpatient),0
798,Acute (Inpatient),0
798,,0
798,,0
799,Acute (Inpatient),0
799,,0
799,,0
800,Non-Acute (Outpatient),0
800,,0
801,Acute (Inpatient),0
801,,0
801,,0
802,Non-Acute (Outpatient),0
803,Acute (Inpatient),0
803,,0
804,Acute (Inpatient),0
805,Acute (Inpatient),0
806,Acute (Inpatient),0
807,Non-Acute (Outpatient),1
808,Acute (Inpatient),0
809,Non-Acute (Outpatient),1
810,Acute (Inpatient),0
811,Non-Acute (Outpatient),1
811,,0
812,Non-Acute (Outpatient),0
813,Acute (Inpatient),0
813,,0
813,,0
814,Non-Acute (Outpatient),1
815,Acute (Inpatient),0
815,,0
815,,0
815,,0
816,Non-Acute (Outpatient),0
817,Acute (Inpatient),0
818,Acute (Inpatient),1
818,,0
818,,0
819,Acute (Inpatient),0
819,,0
820,Non-Acute (Outpatient),1
821,Acute (Inpatient),0
821,,0
821,,0
822,Non-Acute (Outpatient),0
824,Acute (Inpatient),0
825,Non-Acute (Outpatient),1
825,,0
826,Acute (Inpatient),0
827,Non-Acute (Outpatient),1
828,Non-Acute (Outpatient),0
829,Acute (Inpatient),0
830,Non-Acute (Outpatient),0
831,Acute (Inpatient),0
832,Acute (Inpatient),0
832,,0
833,Non-Acute (Outpatient),1
833,,0
834,Acute (Inpatient),0
834,,0
835,Non-Acute (Outpatient),0
836,Acute (Inpatient),0
836,,0
837,Acute (Inpatient),0
837,,0
838,Non-Acute (Outpatient),0
840,Acute (Inpatient),0
840,,0
841,Acute (Inpatient),0
842,Non-Acute (Outpatient),1
842,,0
843,Acute (Inpatient),0
844,Non-Acute (Outpatient),0
845,Acute (Inpatient),0
846,Acute (Inpatient),0
847,Non-Acute (Outpatient),0
848,Acute (Inpatient),0
848,,0
849,Acute (Inpatient),0
850,Acute (Inpatient),0
851,Acute (Inpatient),0
852,Acute (Inpatient),0
853,Acute (Inpatient),0
854,Acute (Inpatient),0
855,Non-Acute (Outpatient),0
855,,0
856,Non-Acute (Outpatient),1
857,Acute (Inpatient),0
858,Acute (Inpatient),0
859,Acute (Inpatient),0
860,Acute (Inpatient),0
860,,0
861,Acute (Inpatient),0
862,Non-Acute (Outpatient),0
863,Non-Acute (Outpatient),1
864,Acute (Inpatient),0
865,Acute (Inpatient),0
866,Acute (Inpatient),0
867,Acute (Inpatient),0
867,,0
868,Non-Acute (Outpatient),1
868,,0
869,Acute (Inpatient),0
870,Non-Acute (Outpatient),0
871,Acute (Inpatient),0
872,Acute (Inpatient),0
873,Acute (Inpatient),0
874,Acute (Inpatient),0
875,Non-Acute (Outpatient),1
875,,0
876,Acute (Inpatient),0
877,Acute (Inpatient),0
878,Acute (Inpatient),0
879,Acute (Inpatient),0
880,Acute (Inpatient),0
881,Acute (Inpatient),0
882,Acute (Inpatient),0
883,Acute (Inpatient),0
884,Acute (Inpatient),0
885,Acute (Inpatient),0
885,,0
886,Acute (Inpatient),0
887,Acute (Inpatient),0
888,Non-Acute (Outpatient),0
888,,0
889,Acute (Inpatient),0
890,Acute (Inpatient),0
891,Acute (Inpatient),0
892,Non-Acute (Outpatient),1
893,Non-Acute (Outpatient),0
893,,0
894,Acute (Inpatient),1
895,Acute (Inpatient),0
896,Acute (Inpatient),0
897,Non-Acute (Outpatient),0
898,Non-Acute (Outpatient),1
899,Acute (Inpatient),0
900,Acute (Inpatient),0
900,,0
901,Non-Acute (Outpatient),0
902,Non-Acute (Outpatient),1
903,Non-Acute (Outpatient),1
904,Non-Acute (Outpatient),1
904,,0
905,Non-Acute (Outpatient),0
906,Non-Acute (Outpatient),0
907,Non-Acute (Outpatient),0
908,Acute (Inpatient),0
909,Acute (Inpatient),0
910,Non-Acute (Outpatient),1
910,,0
911,Acute (Inpatient),0
912,Acute (Inpatient),0
913,Non-Acute (Outpatient),0
914,Acute (Inpatient),0
915,Acute (Inpatient),0
916,Acute (Inpatient),0
917,Non-Acute (Outpatient),0
917,,0
918,Non-Acute (Outpatient),0
919,Acute (Inpatient),0
920,Acute (Inpatient),0
920,,0
921,Non-Acute (Outpatient),0
922,Non-Acute (Outpatient),0
923,Acute (Inpatient),0
924,Acute (Inpatient),0
924,,0
925,Acute (Inpatient),0
925,,0
926,Non-Acute (Outpatient),0
926,,0
927,Acute (Inpatient),0
928,Acute (Inpatient),0
929,Acute (Inpatient),0
930,Non-Acute (Outpatient),0
930,,0
931,Acute (Inpatient),0
932,Acute (Inpatient),0
932,,0
933,Non-Acute (Outpatient),1
933,,0
934,Non-Acute (Outpatient),1
934,,0
935,Non-Acute (Outpatient),0
935,,0
936,Non-Acute (Outpatient),1
937,Acute (Inpatient),0
938,Non-Acute (Outpatient),1
938,,0
939,Acute (Inpatient),0
939,,0
940,Acute (Inpatient),0
941,Non-Acute (Outpatient),1
941,,0
942,Non-Acute (Outpatient),0
942,,0
943,Acute (Inpatient),0
944,Non-Acute (Outpatient),0
944,,0
945,Acute (Inpatient),0
946,Acute (Inpatient),0
947,Acute (Inpatient),0
948,Acute (Inpatient),0
949,Acute (Inpatient),0
950,Acute (Inpatient),0
951,Non-Acute (Outpatient),1
952,Acute (Inpatient),0
953,Acute (Inpatient),0
954,Non-Acute (Outpatient),0
955,Acute (Inpatient),0
956,Acute (Inpatient),0
957,Acute (Inpatient),0
958,Acute (Inpatient),0
959,Acute (Inpatient),0
960,Non-Acute (Outpatient),0
960,,0
961,Non-Acute (Outpatient),0
962,Acute (Inpatient),0
963,Acute (Inpatient),0
964,Non-Acute (Outpatient),1
964,,0
965,Non-Acute (Outpatient),0
965,,0
966,Acute (Inpatient),0
967,Non-Acute (Outpatient),0
967,,0
968,Acute (Inpatient),0
969,Non-Acute (Outpatient),0
969,,0
970,Acute (Inpatient),0
971,Acute (Inpatient),0
971,,0
972,Non-Acute (Outpatient),1
973,Acute (Inpatient),0
974,Acute (Inpatient),0
975,Acute (Inpatient),0
976,Non-Acute (Outpatient),1
976,,0
977,Non-Acute (Outpatient),0
978,Non-Acute (Outpatient),1
979,Non-Acute (Outpatient),1
980,Non-Acute (Outpatient),1
980,,0
981,Acute (Inpatient),0
982,Acute (Inpatient),0
983,Acute (Inpatient),0
984,Acute (Inpatient),0
985,Non-Acute (Outpatient),0
986,Acute (Inpatient),0
987,Acute (Inpatient),0
988,Acute (Inpatient),1
989,Acute (Inpatient),0
990,Non-Acute (Outpatient),0
991,Acute (Inpatient),0
992,Acute (Inpatient),0
993,Acute (Inpatient),0
994,Acute (Inpatient),0
995,Non-Acute (Outpatient),1
996,Non-Acute (Outpatient),0
996,,0
997,Non-Acute (Outpatient),1
998,Acute (Inpatient),0
999,Acute (Inpatient),0
1000,Acute (Inpatient),0
1001,Acute (Inpatient),0
1002,Acute (Inpatient),0
1003,Acute (Inpatient),0
1004,Acute (Inpatient),0
1005,Acute (Inpatient),0
1006,Acute (Inpatient),0
1007,Acute (Inpatient),0
1008,Non-Acute (Outpatient),0
1009,Acute (Inpatient),0
1010,Non-Acute (Outpatient),0
1011,Acute (Inpatient),0
1012,Non-Acute (Outpatient),1
1013,Acute (Inpatient),0
1014,Acute (Inpatient),0
1015,Acute (Inpatient),0
1016,Acute (Inpatient),0
1017,Acute (Inpatient),0
1018,Acute (Inpatient),0
1019,Acute (Inpatient),0
1020,Acute (Inpatient),0
1021,Acute (Inpatient),0
1022,Acute (Inpatient),0
1023,Acute (Inpatient),0
1024,Acute (Inpatient),0
1025,Acute (Inpatient),0
1026,Acute (Inpatient),0
1027,Acute (Inpatient),0
1028,Non-Acute (Outpatient),0
1029,Acute (Inpatient),0
1030,Acute (Inpatient),0
1031,Acute (Inpatient),0
1032,Non-Acute (Outpatient),1
1033,Non-Acute (Outpatient),0
1034,Acute (Inpatient),0
1035,Acute (Inpatient),0
1036,Acute (Inpatient),0
1037,Acute (Inpatient),0
1038,Acute (Inpatient),0
1039,Acute (Inpatient),0
1040,Acute (Inpatient),0
1041,Non-Acute (Outpatient),1
1042,Non-Acute (Outpatient),0
1043,Non-Acute (Outpatient),1
1044,Non-Acute (Outpatient),0
1047,Non-Acute (Outpatient),0
1048,Non-Acute (Outpatient),0
1049,Non-Acute (Outpatient),0
1050,Non-Acute (Outpatient),0
1051,Non-Acute (Outpatient),0
1052,Non-Acute (Outpatient),1
1053,Non-Acute (Outpatient),0
1054,Non-Acute (Outpatient),0
1055,Non-Acute (Outpatient),0
1056,Non-Acute (Outpatient),1
1057,Non-Acute (Outpatient),1
1058,Non-Acute (Outpatient),1
1059,Non-Acute (Outpatient),1
1060,Non-Acute (Outpatient),1
1061,Non-Acute (Outpatient),0
1062,Non-Acute (Outpatient),1
1063,Non-Acute (Outpatient),1
1064,Non-Acute (Outpatient),1
1065,Non-Acute (Outpatient),0
1066,Non-Acute (Outpatient),0
1067,Non-Acute (Outpatient),0
1068,Non-Acute (Outpatient),0
1069,Non-Acute (Outpatient),0
1070,Non-Acute (Outpatient),0
1071,Non-Acute (Outpatient),1
1072,Non-Acute (Outpatient),0
1073,Non-Acute (Outpatient),0
1074,Non-Acute (Outpatient),1
1075,Non-Acute (Outpatient),1
1076,Non-Acute (Outpatient),0
1077,Non-Acute (Outpatient),1
1078,Non-Acute (Outpatient),0
1079,Acute (Inpatient),0
1080,Non-Acute (Outpatient),1
1081,Non-Acute (Outpatient),0
1082,Non-Acute (Outpatient),1
1083,Non-Acute (Outpatient),1
1084,Non-Acute (Outpatient),1
1085,Non-Acute (Outpatient),1
1086,Non-Acute (Outpatient),1
1087,Non-Acute (Outpatient),1
1088,Non-Acute (Outpatient),1
1089,Non-Acute (Outpatient),1
1090,Acute (Inpatient),0
1091,Non-Acute (Outpatient),0
1092,Non-Acute (Outpatient),1
1093,Non-Acute (Outpatient),0
1094,Non-Acute (Outpatient),1
1095,Non-Acute (Outpatient),1
1096,Acute (Inpatient),0
1097,Acute (Inpatient),0
1098,Acute (Inpatient),0
1099,Non-Acute (Outpatient),0
1100,Acute (Inpatient),0
1101,Non-Acute (Outpatient),1
1103,Non-Acute (Outpatient),0
1104,Acute (Inpatient),0
1105,Non-Acute (Outpatient),1
1106,Acute (Inpatient),0
1107,Acute (Inpatient),0
1108,Acute (Inpatient),1
1109,Non-Acute (Outpatient),0
1110,Acute (Inpatient),0
1111,Non-Acute (Outpatient),1
1112,Non-Acute (Outpatient),1
1113,Acute (Inpatient),0
1114,Acute (Inpatient),0
1115,Acute (Inpatient),0
1116,Non-Acute (Outpatient),0
1117,Acute (Inpatient),0
1118,Acute (Inpatient),0
1119,Acute (Inpatient),0
1120,Non-Acute (Outpatient),0
1121,Acute (Inpatient),1
1122,Non-Acute (Outpatient),1
1123,Non-Acute (Outpatient),1
1124,Acute (Inpatient),0
1125,Non-Acute (Outpatient),1
1126,Acute (Inpatient),0
1127,Acute (Inpatient),0
1127,,0
1128,Acute (Inpatient),0
1129,Non-Acute (Outpatient),0
1130,Non-Acute (Outpatient),1
1131,Acute (Inpatient),0
1132,Acute (Inpatient),0
1133,Non-Acute (Outpatient),1
1134,Acute (Inpatient),0
1135,Acute (Inpatient),0
1135,,0
1136,Non-Acute (Outpatient),1
1137,Non-Acute (Outpatient),1
1138,Acute (Inpatient),0
1139,Non-Acute (Outpatient),0
1140,Acute (Inpatient),1
1141,Non-Acute (Outpatient),1
1142,Non-Acute (Outpatient),1
1143,Non-Acute (Outpatient),1
1144,Acute (Inpatient),0
1145,Non-Acute (Outpatient),1
1146,Acute (Inpatient),0
1147,Non-Acute (Outpatient),1
1148,Non-Acute (Outpatient),0
1149,Acute (Inpatient),0
1150,Non-Acute (Outpatient),1
1151,Non-Acute (Outpatient),1
1152,Non-Acute (Outpatient),0
1153,Acute (Inpatient),1
1154,Non-Acute (Outpatient),1
1155,Non-Acute (Outpatient),0
1156,Acute (Inpatient),0
1156,,0
1157,Acute (Inpatient),0
1158,Non-Acute (Outpatient),0
1159,Non-Acute (Outpatient),0
1160,Non-Acute (Outpatient),0
1161,Acute (Inpatient),0
1162,Acute (Inpatient),0
1163,Acute (Inpatient),0
1164,Acute (Inpatient),0
1165,Non-Acute (Outpatient),0
1166,Non-Acute (Outpatient),0
1167,Non-Acute (Outpatient),1
1168,Acute (Inpatient),0
1169,Non-Acute (Outpatient),1
1170,Non-Acute (Outpatient),0
1171,Acute (Inpatient),1
1172,Acute (Inpatient),0
1173,Acute (Inpatient),0
1174,Acute (Inpatient),0
1175,Non-Acute (Outpatient),1
1176,Acute (Inpatient),0
1177,Non-Acute (Outpatient),1
1178,Non-Acute (Outpatient),1
1179,Acute (Inpatient),0
1180,Acute (Inpatient),0
1181,Acute (Inpatient),0
1182,Non-Acute (Outpatient),0
1183,Non-Acute (Outpatient),1
1184,Acute (Inpatient),0
1185,Non-Acute (Outpatient),1
1186,Non-Acute (Outpatient),1
1187,Acute (Inpatient),0
1188,Non-Acute (Outpatient),1
1189,Non-Acute (Outpatient),1
1190,Non-Acute (Outpatient),0
1191,Acute (Inpatient),0
1192,Non-Acute (Outpatient),0
1193,Non-Acute (Outpatient),1
1194,Non-Acute (Outpatient),0
1195,Non-Acute (Outpatient),1
1196,Non-Acute (Outpatient),0
1197,Non-Acute (Outpatient),1
1198,Acute (Inpatient),0
1199,Acute (Inpatient),0
1200,Acute (Inpatient),0
1201,Acute (Inpatient),0
1202,Non-Acute (Outpatient),0
1203,Acute (Inpatient),0
1204,Acute (Inpatient),0
1205,Acute (Inpatient),0
1206,Non-Acute (Outpatient),1
1207,Non-Acute (Outpatient),0
1208,Non-Acute (Outpatient),0
1209,Acute (Inpatient),0
1210,Non-Acute (Outpatient),0
1211,Non-Acute (Outpatient),1
1212,Non-Acute (Outpatient),0
1213,Non-Acute (Outpatient),1
1214,Non-Acute (Outpatient),1
1215,Non-Acute (Outpatient),1
1216,Non-Acute (Outpatient),0
1217,Non-Acute (Outpatient),1
1217,,0
1218,Acute (Inpatient),0
1219,Acute (Inpatient),0
1220,Non-Acute (Outpatient),1
1221,Non-Acute (Outpatient),0
1222,Non-Acute (Outpatient),0
1223,Non-Acute (Outpatient),1
1224,Non-Acute (Outpatient),0
1225,Non-Acute (Outpatient),0
1226,Non-Acute (Outpatient),0
1227,Non-Acute (Outpatient),0
1228,Non-Acute (Outpatient),1
1229,Non-Acute (Outpatient),1
1230,Non-Acute (Outpatient),0
1231,Non-Acute (Outpatient),1
1232,Non-Acute (Outpatient),1
1233,Non-Acute (Outpatient),0
1234,Non-Acute (Outpatient),1
1235,Non-Acute (Outpatient),1
1236,Non-Acute (Outpatient),0
1237,Non-Acute (Outpatient),0
1238,Non-Acute (Outpatient),0
1239,Non-Acute (Outpatient),1
1240,Non-Acute (Outpatient),0
1241,Non-Acute (Outpatient),0
1242,Non-Acute (Outpatient),0
1243,Non-Acute (Outpatient),0
1244,Acute (Inpatient),0
1245,Non-Acute (Outpatient),0
1246,Non-Acute (Outpatient),1
1247,Acute (Inpatient),0
1248,Acute (Inpatient),0
1249,Acute (Inpatient),0
1250,Acute (Inpatient),0
1251,Acute (Inpatient),0
1253,Acute (Inpatient),0
1254,Acute (Inpatient),0
1255,Acute (Inpatient),0
1256,Acute (Inpatient),0
1257,Acute (Inpatient),0
1258,Acute (Inpatient),0
1259,Non-Acute (Outpatient),1
1260,Non-Acute (Outpatient),0
1261,Non-Acute (Outpatient),0
1262,Non-Acute (Outpatient),0
1263,Acute (Inpatient),0
1264,Acute (Inpatient),0
1265,Non-Acute (Outpatient),0
1266,Acute (Inpatient),0
1267,Acute (Inpatient),0
1268,Non-Acute (Outpatient),1
1269,Acute (Inpatient),0
1270,Acute (Inpatient),0
1271,Non-Acute (Outpatient),1
1272,Acute (Inpatient),0
1273,Non-Acute (Outpatient),1
1274,Acute (Inpatient),0
1275,Acute (Inpatient),0
1276,Acute (Inpatient),0
1277,Acute (Inpatient),0
1278,Non-Acute (Outpatient),0
1279,Non-Acute (Outpatient),1
1280,Non-Acute (Outpatient),1
1281,Acute (Inpatient),0
1282,Acute (Inpatient),0
1283,Non-Acute (Outpatient),0
1284,Non-Acute (Outpatient),1
1285,Acute (Inpatient),0
1286,Acute (Inpatient),0
1287,Non-Acute (Outpatient),0
1288,Non-Acute (Outpatient),1
1289,Non-Acute (Outpatient),0
1290,Non-Acute (Outpatient),0
1291,Acute (Inpatient),0
1292,Acute (Inpatient),0
1293,Acute (Inpatient),0
1294,Non-Acute (Outpatient),0
1295,Non-Acute (Outpatient),0
1296,Acute (Inpatient),0
1297,Acute (Inpatient),0
1298,Acute (Inpatient),0
1299,Non-Acute (Outpatient),1
1300,Non-Acute (Outpatient),0
1301,Acute (Inpatient),0
1302,Acute (Inpatient),0
1303,Non-Acute (Outpatient),1
1304,Acute (Inpatient),0
1305,Non-Acute (Outpatient),1
1306,Acute (Inpatient),0
1307,Acute (Inpatient),0
1308,Non-Acute (Outpatient),1
1309,Acute (Inpatient),0
1310,Non-Acute (Outpatient),1
1311,Non-Acute (Outpatient),1
1312,Acute (Inpatient),0
1313,Non-Acute (Outpatient),1
1314,Non-Acute (Outpatient),0
1315,Non-Acute (Outpatient),1
1316,Non-Acute (Outpatient),0
1317,Non-Acute (Outpatient),1
1318,Acute (Inpatient),0
1319,Non-Acute (Outpatient),0
1320,Non-Acute (Outpatient),1
1321,Non-Acute (Outpatient),1
1322,Acute (Inpatient),0
1323,Non-Acute (Outpatient),0
1324,Non-Acute (Outpatient),0
1325,Non-Acute (Outpatient),1
1326,Acute (Inpatient),0
1327,Acute (Inpatient),0
1328,Non-Acute (Outpatient),0
1329,Acute (Inpatient),0
1330,Acute (Inpatient),0
1331,Acute (Inpatient),0
1332,Non-Acute (Outpatient),0
1333,Non-Acute (Outpatient),1
1334,Acute (Inpatient),0
1335,Non-Acute (Outpatient),1
1336,Acute (Inpatient),0
1337,Non-Acute (Outpatient),0
1338,Non-Acute (Outpatient),0
1339,Non-Acute (Outpatient),1
1340,Non-Acute (Outpatient),0
1341,Acute (Inpatient),0
1342,Acute (Inpatient),0
1343,Non-Acute (Outpatient),0
1344,Non-Acute (Outpatient),1
1345,Acute (Inpatient),0
1346,Acute (Inpatient),0
1347,Non-Acute (Outpatient),0
1348,Acute (Inpatient),0
1349,Acute (Inpatient),0
1350,Acute (Inpatient),0
1351,Acute (Inpatient),0
1352,Non-Acute (Outpatient),1
1353,Acute (Inpatient),0
1354,Acute (Inpatient),0
1355,Non-Acute (Outpatient),0
1356,Acute (Inpatient),0
1357,Acute (Inpatient),0
1359,Non-Acute (Outpatient),1
1360,Non-Acute (Outpatient),1
1361,Non-Acute (Outpatient),0
1362,Acute (Inpatient),0
1363,Non-Acute (Outpatient),1
1364,Acute (Inpatient),0
1365,Non-Acute (Outpatient),1
1366,Non-Acute (Outpatient),1
1367,Acute (Inpatient),0
1369,Non-Acute (Outpatient),0
1370,Non-Acute (Outpatient),1
1371,Acute (Inpatient),0
1372,Non-Acute (Outpatient),1
1373,Non-Acute (Outpatient),0
1374,Non-Acute (Outpatient),0
1375,Non-Acute (Outpatient),0
1376,Acute (Inpatient),0
1377,Acute (Inpatient),0
1378,Non-Acute (Outpatient),1
1379,Acute (Inpatient),0
1380,Acute (Inpatient),0
1381,Non-Acute (Outpatient),1
1382,Non-Acute (Outpatient),1
1384,Non-Acute (Outpatient),1
1385,Acute (Inpatient),0
1386,Non-Acute (Outpatient),0
1387,Non-Acute (Outpatient),1
1388,Acute (Inpatient),0
1389,Non-Acute (Outpatient),1
1390,Non-Acute (Outpatient),1
1391,Non-Acute (Outpatient),0
1392,Acute (Inpatient),0
1393,Acute (Inpatient),0
1394,Non-Acute (Outpatient),1
1395,Acute (Inpatient),0
1396,Acute (Inpatient),0
1397,Non-Acute (Outpatient),0
1398,Non-Acute (Outpatient),1
1399,Acute (Inpatient),0
1400,Acute (Inpatient),0
1401,Non-Acute (Outpatient),0
1402,Acute (Inpatient),0
1403,Non-Acute (Outpatient),1
1404,Non-Acute (Outpatient),0
1405,Non-Acute (Outpatient),1
1406,Non-Acute (Outpatient),1
1407,Non-Acute (Outpatient),1
1408,Non-Acute (Outpatient),1
1409,Non-Acute (Outpatient),1
1410,Non-Acute (Outpatient),0
1411,Non-Acute (Outpatient),0
1412,Non-Acute (Outpatient),0
1413,Non-Acute (Outpatient),0
1415,Non-Acute (Outpatient),0
1416,Non-Acute (Outpatient),1
1417,Non-Acute (Outpatient),1
1418,Acute (Inpatient),0
1419,Non-Acute (Outpatient),1
1420,Non-Acute (Outpatient),1
1421,Acute (Inpatient),0
1422,Acute (Inpatient),0
1423,Non-Acute (Outpatient),0
1424,Non-Acute (Outpatient),0
1425,Non-Acute (Outpatient),0
1426,Non-Acute (Outpatient),1
1428,Non-Acute (Outpatient),0
1429,Non-Acute (Outpatient),0
1430,Non-Acute (Outpatient),1
1431,Non-Acute (Outpatient),1
1432,Non-Acute (Outpatient),0
1433,Acute (Inpatient),0
1434,Non-Acute (Outpatient),0
1435,Non-Acute (Outpatient),1
1436,Non-Acute (Outpatient),0
1437,Non-Acute (Outpatient),0
1438,Acute (Inpatient),0
1439,Non-Acute (Outpatient),0
1440,Non-Acute (Outpatient),1
1441,Non-Acute (Outpatient),0
1442,Non-Acute (Outpatient),0
1443,Non-Acute (Outpatient),0
1444,Non-Acute (Outpatient),1
1445,Non-Acute (Outpatient),1
1446,Non-Acute (Outpatient),0
1447,Non-Acute (Outpatient),1
1448,Non-Acute (Outpatient),1
1449,Non-Acute (Outpatient),1
1450,Non-Acute (Outpatient),0
1451,Non-Acute (Outpatient),1
1452,Non-Acute (Outpatient),0
1453,Non-Acute (Outpatient),1
1454,Non-Acute (Outpatient),0
1455,Non-Acute (Outpatient),1
1457,Non-Acute (Outpatient),1
1458,Non-Acute (Outpatient),1
1459,Non-Acute (Outpatient),1
1460,Non-Acute (Outpatient),0
1461,Non-Acute (Outpatient),1
1462,Non-Acute (Outpatient),1
1463,Non-Acute (Outpatient),1
1465,Non-Acute (Outpatient),1
1466,Non-Acute (Outpatient),1
1467,Non-Acute (Outpatient),1
1468,Acute (Inpatient),0
1469,Non-Acute (Outpatient),0
1470,Non-Acute (Outpatient),1
1471,Acute (Inpatient),0
1472,Non-Acute (Outpatient),1
1473,Non-Acute (Outpatient),0
1474,Non-Acute (Outpatient),1
1475,Non-Acute (Outpatient),1
1476,Non-Acute (Outpatient),1
1477,Non-Acute (Outpatient),1
1478,Non-Acute (Outpatient),1
1479,Acute (Inpatient),0
1480,Acute (Inpatient),0
1481,Non-Acute (Outpatient),1
1482,Acute (Inpatient),0
1483,Non-Acute (Outpatient),1
1484,Non-Acute (Outpatient),1
1485,Non-Acute (Outpatient),1
1486,Non-Acute (Outpatient),1
1487,Non-Acute (Outpatient),0
1488,Non-Acute (Outpatient),0
1489,Non-Acute (Outpatient),1
1490,Non-Acute (Outpatient),1
1491,Non-Acute (Outpatient),1
1492,Non-Acute (Outpatient),1
1493,Non-Acute (Outpatient),0
1494,Non-Acute (Outpatient),1
1495,Non-Acute (Outpatient),0
1496,Non-Acute (Outpatient),1
1497,Non-Acute (Outpatient),1
1498,Non-Acute (Outpatient),1
1499,Non-Acute (Outpatient),1
1500,Non-Acute (Outpatient),0
1501,Non-Acute (Outpatient),1
1502,Non-Acute (Outpatient),0
1503,Non-Acute (Outpatient),0
1504,Non-Acute (Outpatient),1
1505,Non-Acute (Outpatient),1
1506,Non-Acute (Outpatient),0
1507,Acute (Inpatient),0
1508,Acute (Inpatient),0
1509,Non-Acute (Outpatient),1
1510,Non-Acute (Outpatient),0
1511,Non-Acute (Outpatient),0
1512,Non-Acute (Outpatient),1
1513,Non-Acute (Outpatient),1
1514,Non-Acute (Outpatient),1
1515,Non-Acute (Outpatient),0
1516,Acute (Inpatient),0
1517,Non-Acute (Outpatient),1
1518,Acute (Inpatient),0
1519,Acute (Inpatient),0
1520,Non-Acute (Outpatient),1
1521,Acute (Inpatient),0
1522,Non-Acute (Outpatient),1
1523,Non-Acute (Outpatient),1
1524,Non-Acute (Outpatient),0
1525,Non-Acute (Outpatient),1
1526,Non-Acute (Outpatient),1
1527,Non-Acute (Outpatient),1
1528,Non-Acute (Outpatient),0
1529,Non-Acute (Outpatient),1
1530,Non-Acute (Outpatient),0
1531,Non-Acute (Outpatient),1
1532,Non-Acute (Outpatient),1
1533,Non-Acute (Outpatient),0
1534,Non-Acute (Outpatient),0
1535,Non-Acute (Outpatient),0
1536,Non-Acute (Outpatient),1
1537,Non-Acute (Outpatient),0
1538,Non-Acute (Outpatient),0
1539,Non-Acute (Outpatient),1
1540,Non-Acute (Outpatient),1
1541,Non-Acute (Outpatient),1
1542,Non-Acute (Outpatient),0
1543,Non-Acute (Outpatient),1
1544,Non-Acute (Outpatient),1
1545,Non-Acute (Outpatient),0
1546,Non-Acute (Outpatient),1
1547,Non-Acute (Outpatient),0
1548,Non-Acute (Outpatient),1
1549,Non-Acute (Outpatient),0
1550,Non-Acute (Outpatient),0
1551,Non-Acute (Outpatient),1
1552,Non-Acute (Outpatient),0
1553,Non-Acute (Outpatient),1
1554,Non-Acute (Outpatient),0
1555,Non-Acute (Outpatient),1
1556,Non-Acute (Outpatient),0
1557,Non-Acute (Outpatient),0
1558,Non-Acute (Outpatient),0
1559,Non-Acute (Outpatient),0
1560,Non-Acute (Outpatient),0
1561,Non-Acute (Outpatient),1
1562,Non-Acute (Outpatient),1
