"Deidentified.ID","Study.ID","DateOfEvaluation","Experienced.Pain","Pain.Location.Head","Pain.Location.Neck","Pain.Location.Belly","Pain.Location.Lower.Back","Pain.Location.Upper.Back","Pain.Location.Arm.Affected","Pain.Location.Chest.Breast","Pain.Location.Hip.Affected","Pain.Location.Foot.Affected","Pain.Location.Hand.Affected","Pain.Location.Knee.Affected","Pain.Location.Arm.Unaffected","Pain.Location.Hip.Unaffected","Pain.Location.Foot.Unaffected","Pain.Location.Hand.Unaffected...22","Pain.Location.Hand.Unaffected...23","Pain.Location.Knee.Unaffected...24","Pain.Location.Knee.Unaffected...25","Pain.Location.Shoulder.Affected","Pain.Location.Shoulder.Unaffected","How.Often","PainIntensityScore","Gender","LesionHemisphere","age.at.stroke","Race","Ethnicity"
"D2074","S028","2023-06-28","no",0,0,0,0,0,0,0,0,0,0,0,0,0,0,0,0,0,0,0,0,NA,0,"Female","Right",59.6358658453114,"Black or African - American","Not Hispanic or Latino"
"D2074","S028","2024-09-12","no",0,0,0,0,0,0,0,0,0,0,0,0,0,0,0,0,0,0,0,0,NA,0,"Female","Right",59.6358658453114,"Black or African - American","Not Hispanic or Latino"
"D6498","S062","2024-01-16","yes",0,0,0,0,0,0,0,0,0,1,1,0,0,0,0,0,0,0,0,0,"less_than_one_day",2,"Male","Right",68.2546201232033,"White or Caucasian","Not Hispanic or Latino"
"D4919","S094","2023-09-25","yes",1,1,0,1,0,1,0,1,0,1,1,0,0,0,0,0,0,0,1,0,"every_day",6,"Male","Left",73.9466119096509,"Black or African - American","Not Hispanic or Latino"
"D3982","S113","2023-07-25","yes",0,0,0,0,0,1,0,1,1,1,1,0,0,0,0,0,0,0,1,0,"every_day",10,"Female","Left",47.6331279945243,"Black or African - American","Not Hispanic or Latino"
"D4813","S145","2024-03-08","yes",0,0,0,0,0,0,0,0,0,0,0,0,0,0,0,0,0,0,1,0,"less_than_one_day",2,"Female","Right",45.9931553730322,"White or Caucasian","Not Hispanic or Latino"
"D9029","S036","2023-10-27","yes",0,0,0,0,0,0,0,0,0,0,0,0,0,0,0,0,0,0,0,0,NA,4,"Male","Right",59.2826830937714,"Black or African - American","Not Hispanic or Latino"
"D6061","S008","2024-02-09","yes",1,0,0,1,0,0,0,0,1,0,0,0,0,1,0,0,0,0,0,0,"every_day",6,"Female","Left",31.4332648870637,"Black or African - American","Not Hispanic or Latino"
"D0418","S084","2023-06-23","yes",0,0,0,0,0,1,0,0,0,0,0,0,0,0,0,0,0,0,0,0,"every_day",8,"Female","Right",61.7987679671458,"White or Caucasian","Not Hispanic or Latino"
"D1421","S143","2024-04-09","no",0,0,0,0,0,0,0,0,0,0,0,0,0,0,0,0,0,0,0,0,NA,0,"Female","Right",71.3429158110883,"White or Caucasian","Not Hispanic or Latino"
"D3561","S148","2024-04-22","no",0,0,0,0,0,0,0,0,0,0,0,0,0,0,0,0,0,0,0,0,NA,0,"Female","Both",62.7707049965777,"Black or African - American","Not Hispanic or Latino"
"D6201","S152","2024-06-11","yes",0,0,0,0,0,0,0,0,0,0,0,0,0,0,0,0,0,0,0,0,NA,0,"Male","Both",68.35318275154,"White or Caucasian","Not Hispanic or Latino"
"D2510","S115","2023-10-30","yes",1,1,0,0,0,0,0,0,0,0,0,0,0,0,0,0,1,1,0,1,"one_to_three_days",8,"Male","Left",50.3983572895277,"Black or African - American","Not Hispanic or Latino"
"D9085","S049","2023-10-25","yes",0,0,0,0,0,0,0,0,1,0,0,0,0,1,0,0,0,0,0,0,"every_day",6,"Male","Right",58.1245722108145,"Black or African - American","Not Hispanic or Latino"
"D7482","S108","2023-06-21","yes",1,1,0,1,0,1,0,0,1,0,1,0,0,1,0,0,1,1,0,0,"every_day",8,"Male","Left",53.2073921971253,"White or Caucasian","Not Hispanic or Latino"
"D7482","S108","2024-05-31","yes",1,0,0,0,0,0,0,0,0,0,0,0,0,0,0,0,0,0,0,0,"one_to_three_days",2,"Male","Left",53.2073921971253,"White or Caucasian","Not Hispanic or Latino"
"D8099","S005","2023-07-14","yes",0,0,0,0,0,0,0,0,0,0,0,0,0,0,0,0,0,0,1,0,"every_day",4,"Female","Right",55.9507186858316,"White or Caucasian","Not Hispanic or Latino"
"D8099","S005","2024-07-09","yes",0,0,0,1,0,1,1,0,1,1,0,0,0,0,0,0,0,0,1,0,"every_day",6,"Female","Right",55.9507186858316,"White or Caucasian","Not Hispanic or Latino"
"D3619","S155","2024-07-17","yes",0,1,0,0,0,0,0,0,1,0,0,0,0,0,0,0,0,0,1,0,"every_day",2,"Male","Right",62.2888432580424,"White or Caucasian","Not Hispanic or Latino"
"D9369","S061","2024-01-30","yes",0,1,0,1,0,0,0,1,1,0,1,0,0,0,0,0,0,0,0,0,"every_day",4,"Female","Right",84.0301163586584,"White or Caucasian","Not Hispanic or Latino"
"D3374","S024","2023-09-19","no",0,0,0,0,0,0,0,0,0,0,0,0,0,0,0,0,0,0,0,0,NA,2,"Male","Right",59.4524298425736,"White or Caucasian","Not Hispanic or Latino"
"D2234","S068","2024-01-25","no",0,0,0,0,0,0,0,0,0,0,0,0,0,0,0,0,0,0,0,0,NA,0,"Female","Both",42.4777549623546,"Black or African - American","Not Hispanic or Latino"
"D0791","S047","2024-02-20","no",0,0,0,0,0,0,0,0,0,0,0,0,0,0,0,0,0,0,0,0,NA,0,"Male","Right",71.1540041067762,"White or Caucasian","Not Hispanic or Latino"
"D8875","S016","2023-10-06","yes",1,1,0,1,0,1,0,1,1,1,1,0,0,0,0,0,0,0,1,0,"most_days",8,"Female","Right",49.8042436687201,"Black or African - American","Not Hispanic or Latino"
"D8875","S016","2024-07-26","yes",0,1,0,0,0,1,0,1,1,1,1,0,0,0,0,0,0,0,1,0,"every_day",10,"Female","Right",49.8042436687201,"Black or African - American","Not Hispanic or Latino"
"D7339","S104","2024-05-28","yes",1,1,0,0,0,0,0,0,0,0,0,0,0,0,0,0,0,0,0,0,"every_day",2,"Male","Right",77.9356605065024,"White or Caucasian","Not Hispanic or Latino"
"D0411","S057","2024-03-25","yes",0,0,0,0,0,0,0,0,0,0,0,0,0,0,0,0,0,0,1,0,"every_day",6,"Male","Right",51.2169746748802,"White or Caucasian","Not Hispanic or Latino"
"D0627","S177","2025-03-26","no",0,0,0,0,0,0,0,0,0,0,0,0,0,0,0,0,0,0,0,0,NA,0,NA,NA,NA,NA,NA
"D6213","S158","2024-07-17","yes",0,0,0,0,0,0,0,1,1,0,1,0,0,0,0,0,0,0,0,0,"most_days",2,"Male","Right",52.662559890486,"Black or African - American","Not Hispanic or Latino"
"D5206","S170","2024-10-18","yes",0,0,0,0,0,1,0,1,1,1,1,0,0,0,0,0,0,0,1,0,"one_to_three_days",8,"Male","Left",63.6221765913758,"White or Caucasian","Not Hispanic or Latino"
"D5133","S050","2024-02-16","yes",0,0,0,1,0,0,0,0,0,0,1,0,0,0,0,0,1,1,1,1,"every_day",6,"Male","Right",59.7864476386037,"Black or African - American","Not Hispanic or Latino"
"D2721","S147","2024-03-04","yes",0,1,0,0,0,1,0,0,0,1,1,0,0,0,0,0,1,1,1,0,"every_day",6,"Female","Both",60.580424366872,"Black or African - American","Not Hispanic or Latino"
"D1789","S007","2024-02-21","no",0,0,0,0,0,0,0,0,0,0,0,0,0,0,0,0,0,0,0,0,NA,NA,"Female","Left",44.4709103353867,"Black or African - American","Not Hispanic or Latino"
"D0288","S081","2024-03-29","no",0,0,0,0,0,0,0,0,0,0,0,0,0,0,0,0,0,0,0,0,NA,0,"Male","",58.7707049965777,"Black or African - American","Not Hispanic or Latino"
"D4439","S085","2023-09-26","yes",0,0,0,0,0,0,0,1,1,0,1,0,0,0,0,0,0,0,0,0,"every_day",4,"Male","Left",73.2484599589322,"White or Caucasian","Not Hispanic or Latino"
"D5990","S130","2024-02-28","no",0,0,0,0,0,0,0,0,0,0,0,0,0,0,0,0,0,0,0,0,NA,NA,"Female","Left",52.1423682409309,"White or Caucasian","Not Hispanic or Latino"
"D2485","S131","2024-02-14","yes",1,0,0,0,1,1,0,0,1,1,0,0,0,0,0,0,0,0,1,0,"most_days",4,"Female","Right",61.8973305954825,"White or Caucasian","Not Hispanic or Latino"
"D8447","S064","2024-01-17","no",0,0,0,0,0,0,0,0,0,0,0,0,0,0,0,0,0,0,0,0,NA,0,"Male","Left",67.9425051334702,"White or Caucasian","Not Hispanic or Latino"
"D8597","S029","2023-11-02","yes",0,0,0,0,0,0,0,0,0,0,0,0,0,0,0,0,1,1,0,1,"one_to_three_days",4,"Female","Both",59.6878850102669,"Black or African - American","Not Hispanic or Latino"
"D9903","S140","2024-04-10","yes",0,0,0,0,0,1,0,1,1,1,1,0,0,0,0,0,0,0,1,0,"most_days",2,"Male","Right",58.1738535249829,"Black or African - American","Not Hispanic or Latino"
"D3384","S174","2024-09-03","no",0,0,0,0,0,0,0,0,0,0,0,0,0,0,0,0,0,0,0,0,NA,0,"Male","Right",77.9931553730322,"White or Caucasian","Not Hispanic or Latino"
"D5477","S146","2024-06-11","no",0,0,0,0,0,0,0,0,0,0,0,0,0,0,0,0,0,0,0,0,NA,0,"Male","Right",56.1368925393566,"White or Caucasian","Not Hispanic or Latino"
"D9581","S133","2023-12-14","no",0,0,0,0,0,0,0,0,0,0,0,0,0,0,0,0,0,0,0,0,NA,0,"Male","Right",64.0136892539357,"White or Caucasian","Not Hispanic or Latino"
"D4759","S033","2023-11-07","no",0,0,0,0,0,0,0,0,0,0,0,0,0,0,0,0,0,0,0,0,NA,0,"Female","Left",39.7809719370294,"White or Caucasian","Not Hispanic or Latino"
"D4759","S033","2024-07-30","no",0,0,0,0,0,0,0,0,0,0,0,0,0,0,0,0,0,0,0,0,NA,0,"Female","Left",39.7809719370294,"White or Caucasian","Not Hispanic or Latino"
"D0979","S142","2024-03-04","yes",0,0,0,1,0,1,0,1,0,0,1,1,1,0,0,0,1,1,0,0,"every_day",8,"Male","Right",59.1567419575633,"Black or African - American","Not Hispanic or Latino"
"D2750","S071","2024-08-30","yes",0,0,0,0,0,0,0,1,1,0,1,0,0,0,0,0,0,0,0,0,"every_day",6,"Male","Left",53.7850787132101,"Black or African - American","Not Hispanic or Latino"
"D7758","S138","2024-01-26","no",0,0,0,0,0,0,0,0,0,0,0,0,0,0,0,0,0,0,0,0,NA,0,"Male","Left",14.2094455852156,"White or Caucasian","Not Hispanic or Latino"
"D3937","S059","2024-02-09","no",0,0,0,0,0,0,0,0,0,0,0,0,0,0,0,0,0,0,0,0,NA,0,"Male","Left",73.8097193702943,"White or Caucasian","Not Hispanic or Latino"
"D2017","S116","2023-09-05","yes",0,0,0,0,0,1,0,1,1,0,1,0,0,0,0,0,0,0,0,0,"every_day",10,"Male","Left",63.8083504449008,"White or Caucasian","Not Hispanic or Latino"
"D2233","S082","2024-05-02","no",0,0,0,0,0,0,0,0,0,0,0,0,0,0,0,0,0,0,0,0,NA,0,"Male","Right",64.7529089664613,"Black or African - American","Not Hispanic or Latino"
"D7183","S103","2024-05-21","yes",1,1,0,0,0,1,0,0,0,1,1,0,0,0,0,0,0,0,1,0,"every_day",10,"Female","Left",52.9144421629021,"White or Caucasian","Not Hispanic or Latino"
"D6951","S013","2023-09-22","yes",0,1,0,0,0,1,0,1,1,1,1,0,0,0,0,0,0,0,1,0,"every_day",6,"Male","Left",51.7234770704997,"Black or African - American","Not Hispanic or Latino"
"D6951","S013","2024-08-28","yes",0,0,0,0,0,0,0,0,0,0,0,0,0,0,0,0,0,0,0,0,NA,6,"Male","Left",51.7234770704997,"Black or African - American","Not Hispanic or Latino"
"D0655","S088","2023-07-06","yes",0,0,0,0,0,0,0,0,0,0,0,0,0,0,0,0,0,0,0,0,NA,0,"Female","Right",40.703627652293,"Black or African - American","Not Hispanic or Latino"
"D8490","S112","2024-07-10","no",0,0,0,0,0,0,0,0,0,0,0,0,0,0,0,0,0,0,0,0,NA,0,"Male","Both",53.7275838466804,"White or Caucasian","Not Hispanic or Latino"
"D2995","S100","2024-01-24","yes",0,0,0,0,0,0,0,0,0,1,0,0,0,0,0,0,0,0,0,0,"most_days",2,"Female","Left",63.6988364134155,"White or Caucasian","Not Hispanic or Latino"
"D1161","S040","2023-12-11","no",0,0,0,0,0,0,0,0,0,0,0,0,0,0,0,0,0,0,0,0,NA,0,"Female","Both",38.8336755646817,"White or Caucasian","Not Hispanic or Latino"
"D3848","S092","2023-06-06","no",0,0,0,0,0,0,0,0,0,0,0,0,0,0,0,0,0,0,0,0,NA,NA,"Male","Both",81.2867898699521,"Black or African - American","Not Hispanic or Latino"
"D0145","S014","2023-08-18","no",0,0,0,0,0,0,0,0,0,0,0,0,0,0,0,0,0,0,0,0,NA,NA,"Male","Right",61.4045174537988,"Asian","Not Hispanic or Latino"
"D0145","S014","2024-06-14","no",0,0,0,0,0,0,0,0,0,0,0,0,0,0,0,0,0,0,0,0,NA,0,"Male","Right",61.4045174537988,"Asian","Not Hispanic or Latino"
"D0274","S079","2024-03-15","no",0,0,0,0,0,0,0,0,0,0,0,0,0,0,0,0,0,0,0,0,NA,0,"Male","Left",58.0479123887748,"Black or African - American","Not Hispanic or Latino"
"D4347","S163","2024-07-26","no",0,0,0,0,0,0,0,0,0,0,0,0,0,0,0,0,0,0,0,0,NA,0,"Male","Right",61.8288843258042,"White or Caucasian","Not Hispanic or Latino"
"D5838","S030","2023-12-07","yes",0,0,0,0,0,0,0,0,0,0,0,0,0,0,0,0,0,0,0,0,NA,0,"Male","Right",61.6618754277892,"Black or African - American","Not Hispanic or Latino"
"D5838","S030","2024-10-02","yes",0,0,0,0,0,0,0,0,0,0,1,0,0,0,0,0,0,0,0,0,"every_day",6,"Male","Right",61.6618754277892,"Black or African - American","Not Hispanic or Latino"
"D7812","S127","2023-09-18","yes",0,0,0,1,0,0,0,0,0,0,0,0,1,0,0,0,1,1,0,0,"every_day",6,"Male","Left",55.5701574264203,"Black or African - American","Not Hispanic or Latino"
"D7812","S127","2024-09-04","no",0,0,0,0,0,0,0,0,0,0,0,0,0,0,0,0,0,0,0,0,NA,0,"Male","Left",55.5701574264203,"Black or African - American","Not Hispanic or Latino"
"D1698","S162","2024-07-16","yes",0,0,0,0,0,0,0,0,1,0,1,0,0,0,0,0,0,0,0,0,"every_day",2,"Male","Both",69.0869267624914,"Black or African - American","Not Hispanic or Latino"
"D9594","S175","2024-10-01","yes",0,0,0,0,0,1,0,0,0,1,0,0,0,0,0,0,0,0,1,0,"one_to_three_days",2,"Female","Left",63.8028747433265,"Black or African - American","Not Hispanic or Latino"
"D9303","S124","2023-11-07","no",0,0,0,0,0,0,0,0,0,0,0,0,0,0,0,0,0,0,0,0,NA,0,"Male","Right",54.9596167008898,"White or Caucasian","Not Hispanic or Latino"
"D4800","S139","2024-02-12","yes",0,0,0,0,0,0,0,0,0,0,0,0,0,1,1,1,1,1,0,1,"most_days",8,"Male","Right",80.5147159479808,"Black or African - American","Not Hispanic or Latino"
"D6988","S125","2023-09-27","yes",0,0,0,1,0,0,0,1,1,0,1,0,0,0,0,0,0,0,0,0,"one_to_three_days",8,"Male","Right",49.1252566735113,"Black or African - American","Not Hispanic or Latino"
"D7351","S172","2025-04-15","no",0,0,0,0,0,0,0,0,0,0,0,0,0,0,0,0,0,0,0,0,NA,0,NA,NA,NA,NA,NA
"D8983","S076","2024-03-19","no",0,0,0,0,0,0,0,0,0,0,0,0,0,0,0,0,0,0,0,0,NA,0,"Female","Right",75.9260780287474,"Black or African - American","Not Hispanic or Latino"
"D1531","S128","2023-09-20","yes",0,0,0,0,0,0,0,0,0,0,0,0,0,0,0,0,0,0,1,0,"most_days",4,"Male","Left",50.0698151950719,"Black or African - American","Not Hispanic or Latino"
"D6072","S043","2024-01-08","yes",0,0,0,0,0,1,0,0,1,0,1,0,0,1,0,0,1,1,0,0,"every_day",4,"Female","Right",74.694045174538,"White or Caucasian","Not Hispanic or Latino"
"D1708","S122","2023-11-08","yes",1,1,0,1,0,0,0,1,0,0,1,0,0,0,0,0,0,0,1,0,"every_day",4,"Male","Left",68.993839835729,"Black or African - American","Not Hispanic or Latino"
"D9877","S153","2024-05-21","no",0,0,0,0,0,0,0,0,0,0,0,0,0,0,0,0,0,0,0,0,NA,0,"Female","Left",49.9219712525667,"White or Caucasian","Not Hispanic or Latino"
"D5489","S169","2024-10-11","yes",0,0,0,0,0,0,0,0,0,1,0,0,0,0,1,1,0,0,0,0,"less_than_one_day",2,"Male","Left",77.0704996577687,"White or Caucasian","Not Hispanic or Latino"
"D0502","S015","2023-08-17","yes",0,0,0,0,0,0,0,0,0,0,0,0,0,0,0,0,0,0,1,0,"one_to_three_days",4,"Female","Left",33.07871321013,"Asian","Not Hispanic or Latino"
"D4963","S025","2023-12-20","yes",0,0,0,0,0,0,0,0,1,1,1,0,0,0,0,0,0,0,0,0,"most_days",4,"Male","Left",57.2210814510609,"White or Caucasian","Not Hispanic or Latino"
"D1062","S060","2024-01-29","no",0,0,0,0,0,0,0,0,0,0,0,0,0,0,0,0,0,0,0,0,NA,0,"Female","Left",60.9089664613279,"White or Caucasian","Not Hispanic or Latino"
"D9340","S065","2024-01-18","yes",0,0,0,1,1,0,0,0,0,0,0,0,0,0,0,0,0,0,0,0,"most_days",2,"Female","Right",0.525667351129363,"White or Caucasian","Not Hispanic or Latino"
"D4869","S009","2024-08-22","yes",0,0,0,0,0,1,0,0,1,1,1,0,0,0,0,0,0,0,1,0,"every_day",4,"Male","Left",69.0650239561944,"White or Caucasian","Not Hispanic or Latino"
"D8745","S165","2024-08-21","no",0,0,0,0,0,0,0,0,0,0,0,0,0,0,0,0,0,0,0,0,NA,0,"Male","Left",69.574264202601,"White or Caucasian","Not Hispanic or Latino"
"D7508","S077","2024-03-07","yes",1,0,0,0,0,1,0,1,1,1,0,1,1,1,1,1,0,0,0,0,"most_days",2,"Female","Both",44.3997262149213,"White or Caucasian","Not Hispanic or Latino"
"D6373","S048","2023-12-08","yes",0,0,0,0,0,0,0,0,0,0,0,0,1,0,0,0,0,0,0,0,"every_day",2,"Male","Right",68.8186173853525,"Black or African - American","Not Hispanic or Latino"
"D9396","S101","2023-06-15","no",0,0,0,0,0,0,0,0,0,0,0,0,0,0,0,0,0,0,0,0,NA,NA,"Female","Right",79.9479808350445,"White or Caucasian","Not Hispanic or Latino"
"D9396","S101","2024-06-06","no",0,0,0,0,0,0,0,0,0,0,0,0,0,0,0,0,0,0,0,0,NA,0,"Female","Right",79.9479808350445,"White or Caucasian","Not Hispanic or Latino"
"D0585","S003","2024-04-29","yes",0,0,0,1,0,0,0,1,1,0,1,0,0,0,0,0,0,0,0,0,"every_day",2,"Male","Left",59.0746064339493,"Other","Hispanic or Latino (indicate race below as 'Other')"
"D0938","S001","2024-05-20","no",0,0,0,0,0,0,0,0,0,0,0,0,0,0,0,0,0,0,0,0,NA,0,"Male","Right",71.3921971252567,"White or Caucasian","Not Hispanic or Latino"
"D7317","S111","2023-07-26","yes",0,0,0,0,0,0,0,0,0,0,0,0,0,0,0,0,0,0,0,0,NA,0,"Male","Left",53.4483230663929,"White or Caucasian","Not Hispanic or Latino"
"D3697","S121","2023-11-03","yes",0,0,0,1,1,0,0,0,0,0,1,0,0,0,0,0,1,1,0,1,"every_day",8,"Male","Left",48.3832991101985,"White or Caucasian","Not Hispanic or Latino"
"D7641","S019","2023-11-27","no",0,0,0,0,0,0,0,0,0,0,0,0,0,0,0,0,0,0,0,0,NA,0,"Male","Left",67.9342915811088,"White or Caucasian","Not Hispanic or Latino"
"D7641","S019","2024-06-03","no",0,0,0,0,0,0,0,0,0,0,0,0,0,0,0,0,0,0,0,0,NA,0,"Male","Left",67.9342915811088,"White or Caucasian","Not Hispanic or Latino"
"D8245","S045","2024-02-06","no",0,0,0,0,0,0,0,0,0,0,0,0,0,0,0,0,0,0,0,0,NA,0,"Female","Left",53.2347707049966,"White or Caucasian","Not Hispanic or Latino"
"D8245","S045","2024-08-05","no",0,0,0,0,0,0,0,0,0,0,0,0,0,0,0,0,0,0,0,0,NA,0,"Female","Left",53.2347707049966,"White or Caucasian","Not Hispanic or Latino"
"D4834","S132","2024-02-02","yes",0,0,0,1,0,0,0,0,0,0,0,0,0,0,0,0,0,0,1,0,"most_days",6,"Male","Right",70.5434633812457,"Black or African - American","Not Hispanic or Latino"
"D8546","S066","2024-01-22","no",0,0,0,0,0,0,0,0,0,0,0,0,0,0,0,0,0,0,0,0,NA,0,"Male","Right",41.8425735797399,"Black or African - American","Not Hispanic or Latino"
"D9002","S159","2024-07-01","no",0,0,0,0,0,0,0,0,0,0,0,0,0,0,0,0,0,0,0,0,NA,0,"Female","Left",57.6947296372348,"White or Caucasian","Not Hispanic or Latino"
"D0840","S136","2023-12-29","no",0,0,0,0,0,0,0,0,0,0,0,0,0,0,0,0,0,0,0,0,NA,0,"Male","",41.5359342915811,"White or Caucasian","Not Hispanic or Latino"
"D3720","S012","2023-08-03","yes",0,0,0,0,0,1,0,1,1,1,1,0,0,0,0,0,0,0,1,0,"every_day",6,"Male","Right",77.9767282683094,"White or Caucasian","Not Hispanic or Latino"
"D0195","S141","2024-02-22","yes",0,0,1,0,0,0,0,0,0,1,0,0,0,0,0,0,0,0,0,0,"one_to_three_days",6,"Female","Right",60.9911019849418,"White or Caucasian","Not Hispanic or Latino"
"D7750","S119","2023-08-10","yes",1,1,1,1,1,1,1,1,1,1,1,0,0,0,0,0,0,0,1,0,"every_day",8,"Male","Right",54.1574264202601,"Black or African - American","Not Hispanic or Latino"
"D5598","S044","2024-01-08","yes",1,0,0,0,0,0,0,1,0,0,1,0,0,0,0,0,1,1,0,0,"less_than_one_day",8,"Female","Right",42.0041067761807,"Black or African - American","Not Hispanic or Latino"
"D3141","S096","2024-07-19","no",0,0,0,0,0,0,0,0,0,0,0,0,0,0,0,0,0,0,0,0,NA,0,"Male","Right",63.6796714579055,"White or Caucasian","Not Hispanic or Latino"
"D8453","S095","2023-10-13","no",0,0,0,0,0,0,0,0,0,0,0,0,0,0,0,0,0,0,0,0,NA,0,"Female","Both",26.2614647501711,"White or Caucasian","Not Hispanic or Latino"
"D1810","S178","2025-03-14","no",0,0,0,0,0,0,0,0,0,0,0,0,0,0,0,0,0,0,0,0,NA,0,NA,NA,NA,NA,NA
"D3098","S110","2023-06-26","yes",0,0,0,0,0,0,0,0,1,0,0,0,0,0,0,0,0,0,0,0,"every_day",6,"Female","Left",33.9548254620123,"Black or African - American","Not Hispanic or Latino"
"D0669","S018","2023-08-04","no",0,0,0,0,0,0,0,0,0,0,0,0,0,0,0,0,0,0,0,0,NA,NA,"Female","Left",66.9514031485284,"Black or African - American","Not Hispanic or Latino"
"D0669","S018","2024-07-29","yes",0,0,0,0,0,1,0,0,0,1,0,0,0,0,0,0,0,0,1,0,"most_days",6,"Female","Left",66.9514031485284,"Black or African - American","Not Hispanic or Latino"
"D4184","S090","2024-04-12","no",0,0,0,0,0,0,0,0,0,0,0,0,0,0,0,0,0,0,0,0,NA,0,"Female","Right",35.4442162902122,"Black or African - American","Not Hispanic or Latino"
"D9603","S089","2024-06-14","no",0,0,0,0,0,0,0,0,0,0,0,0,0,0,0,0,0,0,0,0,NA,0,"Male","Right",57.9055441478439,"Black or African - American","Not Hispanic or Latino"
"D4198","S067","2024-01-18","no",0,0,0,0,0,0,0,0,0,0,0,0,0,0,0,0,0,0,0,0,NA,0,"Male","Left",68.1587953456537,"White or Caucasian","Not Hispanic or Latino"
"D9931","S166","2024-08-09","yes",0,0,0,0,0,1,0,0,0,0,0,0,0,0,0,0,0,0,1,0,"one_to_three_days",2,"Male","Left",46.1738535249829,"Black or African - American","Not Hispanic or Latino"
"D4007","S026","2023-09-13","yes",0,0,0,0,0,0,0,0,1,1,0,0,0,0,0,0,0,0,0,0,"one_to_three_days",8,"Male","Left",43.8247775496235,"White or Caucasian","Not Hispanic or Latino"
"D2839","S098","2024-06-26","yes",1,0,0,0,0,0,0,0,0,0,0,0,0,0,0,0,0,0,0,0,"every_day",6,"Male","Both",74.7816563997262,"White or Caucasian","Not Hispanic or Latino"
"D9962","S053","2024-01-03","yes",0,0,0,0,0,0,0,0,1,0,1,0,0,1,0,0,1,1,0,0,"every_day",8,"Male","Both",70.2231348391513,"White or Caucasian","Not Hispanic or Latino"
"D7643","S032","2024-02-08","no",0,0,0,0,0,0,0,0,0,0,0,0,0,0,0,0,0,0,0,0,NA,0,"Male","Right",22.1683778234086,"Black or African - American","Not Hispanic or Latino"
"D1367","S052","2023-11-29","yes",0,0,0,0,0,1,0,0,0,1,0,0,0,0,0,0,0,0,1,0,"most_days",6,"Male","Right",50.6584531143053,"White or Caucasian","Not Hispanic or Latino"
"D8195","S021","2023-11-14","yes",0,0,0,0,0,1,0,1,1,1,0,0,0,0,0,0,0,0,1,0,"most_days",4,"Male","Right",55.958932238193,"White or Caucasian","Not Hispanic or Latino"
"D8195","S021","2024-06-03","yes",0,0,0,1,0,0,0,0,0,0,0,0,0,0,0,0,0,0,1,0,"most_days",2,"Male","Right",55.958932238193,"White or Caucasian","Not Hispanic or Latino"
"D1091","S002","2024-05-13","no",0,0,0,0,0,0,0,0,0,0,0,0,0,0,0,0,0,0,0,0,NA,0,"Male","Left",56.9801505817933,"White or Caucasian","Not Hispanic or Latino"
"D3610","S107","2023-09-11","yes",0,0,0,1,0,1,0,1,1,1,1,0,0,0,0,0,0,0,1,0,"most_days",6,"Male","Left",62.9130732375086,"Black or African - American","Not Hispanic or Latino"
"D1692","S010","2023-06-07","no",0,0,0,0,0,0,0,0,0,0,0,0,0,0,0,0,0,0,0,0,NA,0,"Male","Left",32.0082135523614,"White or Caucasian","Not Hispanic or Latino"
"D5718","S176","2024-10-24","yes",0,0,0,0,0,1,0,1,0,0,1,0,1,0,0,0,1,1,1,0,"most_days",6,"Male","Right",55.8028747433265,"Black or African - American","Not Hispanic or Latino"
"D3052","S017","2024-01-24","yes",1,1,0,1,1,1,0,0,1,1,1,0,0,0,0,0,0,0,1,0,"every_day",6,"Female","Left",34.7816563997262,"White or Caucasian","Not Hispanic or Latino"
"D3052","S017","2024-09-11","yes",0,0,0,0,0,1,0,0,0,1,1,0,0,0,0,0,0,0,1,0,"most_days",6,"Female","Left",34.7816563997262,"White or Caucasian","Not Hispanic or Latino"
"D4661","S046","2023-12-01","yes",0,0,0,0,0,0,0,1,0,0,1,0,0,0,0,0,0,0,0,0,"most_days",4,"Male","Right",71.6906228610541,"Black or African - American","Not Hispanic or Latino"
"D6964","S151","2024-07-25","no",0,0,0,0,0,0,0,0,1,0,0,0,0,1,0,0,0,0,0,0,"every_day",0,"Male","Left",71.7207392197125,"White or Caucasian","Not Hispanic or Latino"
"D1046","S023","2024-01-05","no",0,0,0,0,0,0,0,0,0,0,0,0,0,0,0,0,0,0,0,0,NA,0,"Female","Left",26.4120465434634,"Black or African - American","Not Hispanic or Latino"
"D1685","S074","2024-01-12","yes",0,0,0,0,0,1,0,1,1,1,1,0,0,0,0,0,0,0,0,0,"most_days",8,"Male","Right",62.7816563997262,"White or Caucasian","Not Hispanic or Latino"
"D1814","S063","2024-01-05","yes",0,0,0,0,0,0,0,1,1,0,1,0,0,0,0,0,0,0,1,1,"every_day",8,"Male","Right",58.072553045859,"White or Caucasian","Not Hispanic or Latino"
"D2733","S135","2024-01-26","yes",0,0,0,0,0,1,0,1,1,1,0,0,0,0,0,0,0,0,1,1,"every_day",6,"Male","Right",50.3408624229979,"White or Caucasian","Not Hispanic or Latino"
"D5304","S004","2024-05-07","yes",0,1,0,1,0,1,0,0,0,1,0,0,0,0,0,0,0,0,1,0,"most_days",4,"Male","Both",48.5722108145106,"Black or African - American","Not Hispanic or Latino"
"D2108","S161","2024-06-27","no",0,0,0,0,0,0,0,0,0,0,0,0,0,0,0,0,0,0,0,0,NA,0,"Male","Left",48.4462696783025,"White or Caucasian","Not Hispanic or Latino"
"D2509","S058","2023-12-01","yes",0,0,0,1,0,1,0,1,0,1,0,0,0,0,0,0,0,0,1,0,"most_days",4,"Female","Left",39.7837097878166,"Black or African - American","Not Hispanic or Latino"
"D7290","S105","2023-06-20","yes",0,0,1,0,0,1,0,0,1,0,0,0,0,0,0,0,0,0,1,0,"every_day",6,"Male","Left",63.1540041067762,"White or Caucasian","Not Hispanic or Latino"
"D7290","S105","2024-06-07","yes",0,0,0,0,0,1,0,1,1,1,1,0,0,0,0,0,0,0,1,0,"every_day",8,"Male","Left",63.1540041067762,"White or Caucasian","Not Hispanic or Latino"
"D1939","S022","2023-09-29","yes",0,0,0,0,0,0,0,0,0,0,0,0,0,0,0,0,0,0,0,0,NA,0,"Male","Right",45.2320328542094,"White or Caucasian","Not Hispanic or Latino"
"D1939","S022","2024-06-28","no",0,0,0,0,0,0,0,0,0,0,0,0,0,0,0,0,0,0,0,0,NA,0,"Male","Right",45.2320328542094,"White or Caucasian","Not Hispanic or Latino"
"D3436","S157","2024-06-14","no",0,0,0,0,0,0,0,0,0,0,0,0,0,0,0,0,0,0,0,0,NA,0,"Male","Left",74.4175222450376,"White or Caucasian","Not Hispanic or Latino"
"D8337","S086","2024-04-19","yes",1,1,0,0,0,1,1,0,0,1,0,0,0,0,0,0,0,0,1,0,"one_to_three_days",10,"Female","Right",57.2950034223135,"White or Caucasian","Not Hispanic or Latino"
"D1303","S080","2024-03-25","no",0,0,0,0,0,0,0,0,0,0,0,0,0,0,0,0,0,0,0,0,NA,0,"Male","Both",77.7960301163587,"White or Caucasian","Not Hispanic or Latino"
"D5896","S137","2024-04-05","no",0,0,0,0,0,0,0,0,0,0,0,0,0,0,0,0,0,0,0,0,NA,0,"Male","Right",49.3579739904175,"Black or African - American","Not Hispanic or Latino"
"D9468","S118","2023-10-12","yes",0,0,0,1,0,1,0,1,1,0,1,0,0,0,0,0,0,0,0,0,"less_than_one_day",4,"Male","Right",51.1978097193703,"Black or African - American","Not Hispanic or Latino"
"D9468","S118","2024-09-05","yes",0,0,0,0,0,0,0,1,0,0,0,0,0,0,0,0,0,0,0,0,"every_day",2,"Male","Right",51.1978097193703,"Black or African - American","Not Hispanic or Latino"
"D1378","S072","2024-01-22","yes",1,0,0,0,0,0,0,0,0,0,0,0,0,0,0,0,0,0,0,0,"every_day",4,"Female","Both",46.7624914442163,"White or Caucasian","Not Hispanic or Latino"
"D6948","S154","2024-05-31","no",0,0,0,0,0,0,0,0,0,0,0,0,0,0,0,0,0,0,0,0,NA,0,"Male","Left",72.8542094455852,"White or Caucasian","Not Hispanic or Latino"
NA,"S171","2025-04-23","yes",0,1,0,1,0,1,1,1,1,1,1,0,0,0,0,0,0,0,1,0,"most_days",6,NA,NA,NA,NA,NA
"D8365","S035","2023-10-31","yes",0,0,0,0,0,0,0,0,1,0,1,0,0,0,0,0,0,0,0,0,"one_to_three_days",6,"Male","Right",41.4893908281999,"White or Caucasian","Not Hispanic or Latino"
"D4146","S164","2024-07-24","yes",1,0,0,0,0,0,0,0,0,0,0,0,0,0,0,0,0,0,0,0,"every_day",6,"Male","Right",59.3538672142368,"Black or African - American","Not Hispanic or Latino"
"D7809","S120","2023-08-07","yes",0,0,0,0,0,0,0,0,0,0,0,0,0,0,0,0,0,0,1,1,"one_to_three_days",4,"Male","Left",51.9069130732375,"Black or African - American","Not Hispanic or Latino"
"D8231","S126","2023-11-10","yes",0,0,0,0,0,1,0,0,1,1,0,0,0,0,0,0,0,0,0,0,"every_day",6,"Female","Left",47.1074606433949,"Black or African - American","Not Hispanic or Latino"
"D4312","S102","2023-09-27","yes",0,0,0,0,0,0,0,0,0,0,1,0,0,0,0,0,0,0,0,0,"most_days",6,"Male","Both",49.9192334017796,"Black or African - American","Not Hispanic or Latino"
"D1749","S075","2024-05-29","yes",0,1,0,0,0,0,0,0,1,1,0,0,0,0,0,0,0,0,1,0,"every_day",8,"Female","Right",51.4989733059548,"Black or African - American","Not Hispanic or Latino"
"D1528","S055","2023-11-09","yes",0,1,0,0,0,1,0,0,0,0,0,0,0,0,0,0,0,0,1,0,"one_to_three_days",2,"Male","Right",52.1670088980151,"Other","Hispanic or Latino (indicate race below as 'Other')"
"D1528","S055","2024-10-03","yes",0,0,0,0,0,0,0,0,0,0,1,0,0,0,0,0,0,0,1,0,"one_to_three_days",2,"Male","Right",52.1670088980151,"Other","Hispanic or Latino (indicate race below as 'Other')"
"D0790","S114","2023-10-23","yes",0,0,0,0,0,1,0,0,1,1,1,0,0,0,0,0,0,0,1,0,"one_to_three_days",8,"Male","Left",51.3675564681725,"Black or African - American","Not Hispanic or Latino"
"D3649","S129","2023-10-19","yes",0,0,0,0,0,0,0,0,0,0,0,0,0,0,0,0,0,0,1,0,"every_day",6,"Male","Right",50.3682409308693,"Black or African - American","Not Hispanic or Latino"
"D0280","S069","2024-01-30","no",0,0,0,0,0,0,0,0,0,0,0,0,0,0,0,0,0,0,0,0,NA,0,"Female","Left",69.2785763175907,"White or Caucasian","Not Hispanic or Latino"
"D9587","S083","2024-04-15","yes",0,0,0,0,0,0,0,0,0,0,0,0,0,0,0,0,0,0,0,0,NA,0,"Male","Left",67.025325119781,"White or Caucasian","Not Hispanic or Latino"
"D6389","S042","2023-10-31","yes",0,0,0,0,0,1,0,1,1,1,0,0,0,0,0,0,0,0,0,0,"every_day",4,"Female","Right",61.1964407939767,"White or Caucasian","Not Hispanic or Latino"
"D6389","S042","2024-08-13","yes",0,1,0,0,0,1,0,0,1,1,1,0,0,0,0,0,0,0,1,0,"every_day",4,"Female","Right",61.1964407939767,"White or Caucasian","Not Hispanic or Latino"
"D6088","S144","2024-07-02","no",0,0,0,0,0,0,0,0,0,0,0,0,0,0,0,0,0,0,0,0,NA,0,"Female","Right",86.5325119780972,"White or Caucasian","Not Hispanic or Latino"
"D3488","S093","2024-05-06","no",0,0,0,0,0,0,0,0,0,0,0,0,0,0,0,0,0,0,0,0,NA,0,"Male","Left",75.1156741957563,"White or Caucasian","Not Hispanic or Latino"
"D2431","S011","2023-07-12","yes",0,0,0,0,0,1,0,1,1,0,1,0,0,0,0,0,0,0,0,0,"less_than_one_day",8,"Female","Right",48.8432580424367,"Black or African - American","Not Hispanic or Latino"
"D2431","S011","2024-07-03","no",0,0,0,0,0,0,0,0,0,0,0,0,0,0,0,0,0,0,0,0,NA,0,"Female","Right",48.8432580424367,"Black or African - American","Not Hispanic or Latino"
"D0460","S117","2023-07-27","yes",0,0,0,0,0,1,0,0,1,1,1,0,0,0,0,0,0,0,1,0,"most_days",8,"Female","Left",55.6440793976728,"Black or African - American","Not Hispanic or Latino"
"D4470","S054","2023-12-06","yes",0,0,0,0,0,0,0,0,0,0,1,0,0,0,0,0,1,1,0,0,"every_day",8,"Female","Right",40.1943874058864,"Black or African - American","Not Hispanic or Latino"
"D4808","S134","2024-04-23","yes",0,0,0,1,0,0,0,0,0,0,1,0,0,0,0,0,1,1,0,0,"most_days",6,"Male","Right",69.4647501711157,"Black or African - American","Not Hispanic or Latino"
"D6303","S099","2024-05-10","no",0,0,0,0,0,0,0,0,0,0,0,0,0,0,0,0,0,0,0,0,NA,0,"Female","Right",48.4079397672827,"Black or African - American","Not Hispanic or Latino"
"D3821","S037","2023-12-04","yes",0,0,0,1,0,0,0,1,0,0,0,1,1,0,0,0,0,0,0,1,"every_day",6,"Female","Right",62.5845311430527,"White or Caucasian","Not Hispanic or Latino"
"D9580","S173","2024-09-24","yes",0,0,0,0,0,0,0,0,0,1,0,0,0,0,0,0,0,0,0,0,"one_to_three_days",8,"Male","Right",64.2436687200548,"Black or African - American","Not Hispanic or Latino"
"D8987","S167","2024-09-13","yes",0,0,0,0,0,0,0,0,0,0,0,0,0,0,0,0,0,0,0,0,NA,0,"Male","Right",44.2217659137577,"White or Caucasian","Not Hispanic or Latino"
"D7801","S006","2023-09-06","no",0,0,0,0,0,0,0,0,0,0,0,0,0,0,0,0,0,0,0,0,NA,0,"Male","Right",60.3997262149213,"White or Caucasian","Not Hispanic or Latino"
"D7801","S006","2024-04-25","no",0,0,0,0,0,0,0,0,0,0,0,0,0,0,0,0,0,0,0,0,NA,0,"Male","Right",60.3997262149213,"White or Caucasian","Not Hispanic or Latino"
"D6811","S070","2024-01-11","yes",0,0,0,0,0,0,0,1,0,0,0,0,0,0,0,0,0,0,1,0,"most_days",4,"Female","Right",57.2347707049966,"White or Caucasian","Not Hispanic or Latino"
"D1436","S020","2023-08-22","no",0,0,0,0,0,0,0,0,0,0,0,0,0,0,0,0,0,0,0,0,NA,NA,"Female","Right",61.7111567419576,"Black or African - American","Not Hispanic or Latino"
"D2434","S038","2023-10-11","yes",0,0,0,0,0,1,0,0,1,0,1,0,0,0,0,0,0,0,0,0,"every_day",2,"Male","Both",53.9192334017796,"White or Caucasian","Not Hispanic or Latino"
"D1746","S087","2024-04-26","yes",0,1,0,0,0,1,0,1,1,1,1,0,0,0,0,0,0,0,1,0,"every_day",8,"Male","Right",45.6865160848734,"White or Caucasian","Not Hispanic or Latino"
"D0763","S149","2024-07-02","no",0,0,0,0,0,0,0,0,0,0,0,0,0,0,0,0,0,0,0,0,NA,0,"Male","Unknown",77.8562628336756,"White or Caucasian","Not Hispanic or Latino"
"D0326","S027","2024-06-28","yes",0,1,0,1,1,1,0,1,1,1,1,0,0,0,0,0,0,0,1,0,"most_days",6,"Female","Left",35.1074606433949,"White or Caucasian","Not Hispanic or Latino"
"D9739","S039","2023-10-10","yes",0,0,0,0,0,1,0,0,0,0,1,0,1,0,0,0,0,0,1,0,"every_day",6,"Female","Left",40.3011635865845,"Black or African - American","Not Hispanic or Latino"
"D1271","S041","2024-10-11","yes",0,0,0,0,0,0,0,0,0,1,0,0,0,0,0,0,0,0,0,0,"less_than_one_day",0,NA,NA,NA,NA,NA
"D9567","S034","2023-11-06","yes",0,0,0,0,0,0,0,0,0,0,0,0,0,0,0,0,0,0,1,0,"every_day",2,"Female","Right",54.1190965092402,"Black or African - American","Not Hispanic or Latino"
"D9382","S156","2024-07-09","yes",0,0,0,0,0,1,0,0,0,0,1,1,0,0,0,0,0,0,0,1,"every_day",2,"Male","Both",29.990417522245,"More than One Race","Hispanic or Latino (indicate race below as 'Other')"
"D9322","S160","2024-07-22","no",0,0,0,0,0,0,0,0,0,0,0,0,0,0,0,0,0,0,0,0,NA,0,"Female","Both",67.937029431896,"White or Caucasian","Not Hispanic or Latino"
"D2938","S073","2024-01-23","yes",1,1,0,0,0,1,1,1,1,1,1,0,0,0,0,0,0,0,1,0,"every_day",4,"Male","Right",NA,"Black or African - American","Not Hispanic or Latino"
"D9918","S078","2024-03-29","yes",0,0,0,0,0,1,0,0,0,0,0,0,0,0,0,0,0,0,1,0,"less_than_one_day",2,"Male","Right",55.3456536618754,"White or Caucasian","Not Hispanic or Latino"
"D4576","S109","2023-10-18","yes",0,0,0,0,0,1,0,0,0,0,0,0,0,0,0,0,0,0,0,0,"one_to_three_days",NA,"Male","Left",70.9459274469541,"White or Caucasian","Not Hispanic or Latino"
"D1300","S106","2023-07-17","yes",0,0,0,0,0,0,0,0,0,0,0,0,0,0,0,0,0,0,0,0,NA,0,"Female","Right",65.9000684462697,"White or Caucasian","Not Hispanic or Latino"
"D1020","S150","2024-05-06","yes",0,0,0,0,0,1,0,0,1,1,0,0,0,0,0,0,0,0,0,0,"most_days",4,"Male","Left",44.3997262149213,"Black or African - American","Not Hispanic or Latino"
"D0076","S123","2023-08-21","yes",0,0,0,0,0,1,0,0,0,0,0,0,0,0,0,0,0,0,1,0,"every_day",4,"Male","Right",78.1163586584531,"White or Caucasian","Not Hispanic or Latino"
"D7021","S051","2024-09-10","yes",0,0,0,0,0,0,0,1,0,1,1,0,0,0,0,0,0,0,0,0,"less_than_one_day",2,"Male","Both",41.9931553730322,"White or Caucasian","Not Hispanic or Latino"
"D5955","S056","2023-12-11","no",0,0,0,0,0,0,0,0,0,0,0,0,0,0,0,0,0,0,0,0,NA,0,"Male","Left",50.4914442162902,"White or Caucasian","Not Hispanic or Latino"
"D6986","S168","2024-08-29","yes",0,0,0,1,0,0,0,0,0,0,1,0,0,0,0,0,0,0,0,0,"one_to_three_days",4,"Female","Unknown",NA,"Black or African - American","Not Hispanic or Latino"
"D9597","S097","2023-10-13","no",0,0,0,0,0,0,0,0,0,0,0,0,0,0,0,0,0,0,0,0,NA,0,"Female","Left",64.1834360027378,"White or Caucasian","Not Hispanic or Latino"
"D7189","S031","2024-08-28","no",0,0,0,0,0,0,0,0,0,0,0,0,0,0,0,0,0,0,0,0,NA,0,"Female","Left",57.9219712525667,"White or Caucasian","Not Hispanic or Latino"
"D3240","S091","2024-04-08","yes",0,1,0,0,0,1,0,0,0,1,0,0,0,0,0,0,0,0,1,1,"every_day",6,"Male","Both",48.2518822724162,"White or Caucasian","Not Hispanic or Latino"
