RESTORE.ID,Study.ID,DateOfEvaluation,Experienced Pain,Pain Location Head,Pain Location Neck,Pain Location Belly,Pain Location Lower Back,Pain Location Upper Back,Pain Location Arm Affected,Pain Location Chest Breast,Pain Location Hip Affected,Pain Location Foot Affected,Pain Location Hand Affected,Pain Location Knee Affected,Pain Location Arm Unaffected,Pain Location Hip Unaffected,Pain Location Foot Unaffected,Pain Location Hand Unaffected...22,Pain Location Hand Unaffected...23,Pain Location Knee Unaffected...24,Pain Location Knee Unaffected...25,Pain Location Shoulder Affected,Pain Location Shoulder Unaffected,How Often,PainIntensityScore,Gender,LesionHemisphere,age.at.stroke,Race,Ethnicity
551,MDS_061,2023-06-28,no,0,0,0,0,0,0,0,0,0,0,0,0,0,0,0,0,0,0,0,0,NA,0,Female,Right,59.63586584531143,Black or African - American,Not Hispanic or Latino
551,MDS_061,2024-09-12,no,0,0,0,0,0,0,0,0,0,0,0,0,0,0,0,0,0,0,0,0,NA,0,Female,Right,59.63586584531143,Black or African - American,Not Hispanic or Latino
1223,MDS_126,2024-01-16,yes,0,0,0,0,0,0,0,0,0,1,1,0,0,0,0,0,0,0,0,0,less_than_one_day,2,Male,Right,68.25462012320328,White or Caucasian,Not Hispanic or Latino
1307,MDS_192,2023-09-25,yes,1,1,0,1,0,1,0,1,0,1,1,0,0,0,0,0,0,0,1,0,every_day,6,Male,Left,73.94661190965093,Black or African - American,Not Hispanic or Latino
1428,MDS_215,2023-07-25,yes,0,0,0,0,0,1,0,1,1,1,1,0,0,0,0,0,0,0,1,0,every_day,10,Female,Left,47.6331279945243,Black or African - American,Not Hispanic or Latino
1237,MDS_249,2024-03-08,yes,0,0,0,0,0,0,0,0,0,0,0,0,0,0,0,0,0,0,1,0,less_than_one_day,2,Female,Right,45.99315537303217,White or Caucasian,Not Hispanic or Latino
1091,MDS_075,2023-10-27,yes,0,0,0,0,0,0,0,0,0,0,0,0,0,0,0,0,0,0,0,0,NA,4,Male,Right,59.28268309377139,Black or African - American,Not Hispanic or Latino
730,MDS_017,2024-02-09,yes,1,0,0,1,0,0,0,0,1,0,0,0,0,1,0,0,0,0,0,0,every_day,6,Female,Left,31.433264887063654,Black or African - American,Not Hispanic or Latino
1309,MDS_170,2023-06-23,yes,0,0,0,0,0,1,0,0,0,0,0,0,0,0,0,0,0,0,0,0,every_day,8,Female,Right,61.79876796714579,White or Caucasian,Not Hispanic or Latino
1512,MDS_247,2024-04-09,no,0,0,0,0,0,0,0,0,0,0,0,0,0,0,0,0,0,0,0,0,NA,0,Female,Right,71.34291581108829,White or Caucasian,Not Hispanic or Latino
1429,MDS_253,2024-04-22,no,0,0,0,0,0,0,0,0,0,0,0,0,0,0,0,0,0,0,0,0,NA,0,Female,Both,62.770704996577685,Black or African - American,Not Hispanic or Latino
1211,MDS_257,2024-06-11,yes,0,0,0,0,0,0,0,0,0,0,0,0,0,0,0,0,0,0,0,0,NA,0,Male,Both,68.35318275154005,White or Caucasian,Not Hispanic or Latino
1458,MDS_217,2023-10-30,yes,1,1,0,0,0,0,0,0,0,0,0,0,0,0,0,0,1,1,0,1,one_to_three_days,8,Male,Left,50.39835728952772,Black or African - American,Not Hispanic or Latino
1239,MDS_099,2023-10-25,yes,0,0,0,0,0,0,0,0,1,0,0,0,0,1,0,0,0,0,0,0,every_day,6,Male,Right,58.12457221081451,Black or African - American,Not Hispanic or Latino
932,MDS_208,2023-06-21,yes,1,1,0,1,0,1,0,0,1,0,1,0,0,1,0,0,1,1,0,0,every_day,8,Male,Left,53.20739219712526,White or Caucasian,Not Hispanic or Latino
932,MDS_208,2024-05-31,yes,1,0,0,0,0,0,0,0,0,0,0,0,0,0,0,0,0,0,0,0,one_to_three_days,2,Male,Left,53.20739219712526,White or Caucasian,Not Hispanic or Latino
1265,MDS_010,2023-07-14,yes,0,0,0,0,0,0,0,0,0,0,0,0,0,0,0,0,0,0,1,0,every_day,4,Female,Right,55.950718685831625,White or Caucasian,Not Hispanic or Latino
1265,MDS_010,2024-07-09,yes,0,0,0,1,0,1,1,0,1,1,0,0,0,0,0,0,0,0,1,0,every_day,6,Female,Right,55.950718685831625,White or Caucasian,Not Hispanic or Latino
1533,MDS_260,2024-07-17,yes,0,1,0,0,0,0,0,0,1,0,0,0,0,0,0,0,0,0,1,0,every_day,2,Male,Right,62.288843258042434,White or Caucasian,Not Hispanic or Latino
1333,MDS_122,2024-01-30,yes,0,1,0,1,0,0,0,1,1,0,1,0,0,0,0,0,0,0,0,0,every_day,4,Female,Right,84.03011635865845,White or Caucasian,Not Hispanic or Latino
1082,MDS_047,2023-09-19,no,0,0,0,0,0,0,0,0,0,0,0,0,0,0,0,0,0,0,0,0,NA,2,Male,Right,59.45242984257358,White or Caucasian,Not Hispanic or Latino
1327,MDS_138,2024-01-25,no,0,0,0,0,0,0,0,0,0,0,0,0,0,0,0,0,0,0,0,0,NA,0,Female,Both,42.47775496235455,Black or African - American,Not Hispanic or Latino
1243,MDS_095,2024-02-20,no,0,0,0,0,0,0,0,0,0,0,0,0,0,0,0,0,0,0,0,0,NA,0,Male,Right,71.15400410677618,White or Caucasian,Not Hispanic or Latino
1294,MDS_036,2023-10-06,yes,1,1,0,1,0,1,0,1,1,1,1,0,0,0,0,0,0,0,1,0,most_days,8,Female,Right,49.804243668720055,Black or African - American,Not Hispanic or Latino
1294,MDS_036,2024-07-26,yes,0,1,0,0,0,1,0,1,1,1,1,0,0,0,0,0,0,0,1,0,every_day,10,Female,Right,49.804243668720055,Black or African - American,Not Hispanic or Latino
1403,MDS_204,2024-05-28,yes,1,1,0,0,0,0,0,0,0,0,0,0,0,0,0,0,0,0,0,0,every_day,2,Male,Right,77.9356605065024,White or Caucasian,Not Hispanic or Latino
1342,MDS_113,2024-03-25,yes,0,0,0,0,0,0,0,0,0,0,0,0,0,0,0,0,0,0,1,0,every_day,6,Male,Right,51.21697467488022,White or Caucasian,Not Hispanic or Latino
1577,MDS_286,2025-03-26,no,0,0,0,0,0,0,0,0,0,0,0,0,0,0,0,0,0,0,0,0,NA,0,NA,NA,NA,NA,NA
657,MDS_264,2024-07-17,yes,0,0,0,0,0,0,0,1,1,0,1,0,0,0,0,0,0,0,0,0,most_days,2,Male,Right,52.662559890485966,Black or African - American,Not Hispanic or Latino
219,MDS_278,2024-10-18,yes,0,0,0,0,0,1,0,1,1,1,1,0,0,0,0,0,0,0,1,0,one_to_three_days,8,Male,Left,63.62217659137577,White or Caucasian,Not Hispanic or Latino
1191,MDS_100,2024-02-16,yes,0,0,0,1,0,0,0,0,0,0,1,0,0,0,0,0,1,1,1,1,every_day,6,Male,Right,59.7864476386037,Black or African - American,Not Hispanic or Latino
1504,MDS_252,2024-03-04,yes,0,1,0,0,0,1,0,0,0,1,1,0,0,0,0,0,1,1,1,0,every_day,6,Female,Both,60.580424366872,Black or African - American,Not Hispanic or Latino
1299,MDS_014,2024-02-21,no,0,0,0,0,0,0,0,0,0,0,0,0,0,0,0,0,0,0,0,0,NA,NA,Female,Left,44.47091033538672,Black or African - American,Not Hispanic or Latino
1373,MDS_164,2024-03-29,no,0,0,0,0,0,0,0,0,0,0,0,0,0,0,0,0,0,0,0,0,NA,0,Male,,58.770704996577685,Black or African - American,Not Hispanic or Latino
1142,MDS_171,2023-09-26,yes,0,0,0,0,0,0,0,1,1,0,1,0,0,0,0,0,0,0,0,0,every_day,4,Male,Left,73.24845995893224,White or Caucasian,Not Hispanic or Latino
1491,MDS_233,2024-02-28,no,0,0,0,0,0,0,0,0,0,0,0,0,0,0,0,0,0,0,0,0,NA,NA,Female,Left,52.14236824093087,White or Caucasian,Not Hispanic or Latino
1498,MDS_234,2024-02-14,yes,1,0,0,0,1,1,0,0,1,1,0,0,0,0,0,0,0,0,1,0,most_days,4,Female,Right,61.89733059548254,White or Caucasian,Not Hispanic or Latino
934,MDS_128,2024-01-17,no,0,0,0,0,0,0,0,0,0,0,0,0,0,0,0,0,0,0,0,0,NA,0,Male,Left,67.94250513347022,White or Caucasian,Not Hispanic or Latino
1300,MDS_065,2023-11-02,yes,0,0,0,0,0,0,0,0,0,0,0,0,0,0,0,0,1,1,0,1,one_to_three_days,4,Female,Both,59.68788501026694,Black or African - American,Not Hispanic or Latino
1393,MDS_243,2024-04-10,yes,0,0,0,0,0,1,0,1,1,1,1,0,0,0,0,0,0,0,1,0,most_days,2,Male,Right,58.17385352498289,Black or African - American,Not Hispanic or Latino
1182,MDS_283,2024-09-03,no,0,0,0,0,0,0,0,0,0,0,0,0,0,0,0,0,0,0,0,0,NA,0,Male,Right,77.99315537303217,White or Caucasian,Not Hispanic or Latino
1492,MDS_251,2024-06-11,no,0,0,0,0,0,0,0,0,0,0,0,0,0,0,0,0,0,0,0,0,NA,0,Male,Right,56.1368925393566,White or Caucasian,Not Hispanic or Latino
1431,MDS_236,2023-12-14,no,0,0,0,0,0,0,0,0,0,0,0,0,0,0,0,0,0,0,0,0,NA,0,Male,Right,64.01368925393567,White or Caucasian,Not Hispanic or Latino
605,MDS_071,2023-11-07,no,0,0,0,0,0,0,0,0,0,0,0,0,0,0,0,0,0,0,0,0,NA,0,Female,Left,39.780971937029435,White or Caucasian,Not Hispanic or Latino
605,MDS_071,2024-07-30,no,0,0,0,0,0,0,0,0,0,0,0,0,0,0,0,0,0,0,0,0,NA,0,Female,Left,39.780971937029435,White or Caucasian,Not Hispanic or Latino
261,MDS_246,2024-03-04,yes,0,0,0,1,0,1,0,1,0,0,1,1,1,0,0,0,1,1,0,0,every_day,8,Male,Right,59.15674195756331,Black or African - American,Not Hispanic or Latino
1360,MDS_143,2024-08-30,yes,0,0,0,0,0,0,0,1,1,0,1,0,0,0,0,0,0,0,0,0,every_day,6,Male,Left,53.78507871321013,Black or African - American,Not Hispanic or Latino
1490,MDS_241,2024-01-26,no,0,0,0,0,0,0,0,0,0,0,0,0,0,0,0,0,0,0,0,0,NA,0,Male,Left,14.209445585215606,White or Caucasian,Not Hispanic or Latino
1332,MDS_118,2024-02-09,no,0,0,0,0,0,0,0,0,0,0,0,0,0,0,0,0,0,0,0,0,NA,0,Male,Left,73.80971937029432,White or Caucasian,Not Hispanic or Latino
1441,MDS_218,2023-09-05,yes,0,0,0,0,0,1,0,1,1,0,1,0,0,0,0,0,0,0,0,0,every_day,10,Male,Left,63.80835044490075,White or Caucasian,Not Hispanic or Latino
1390,MDS_167,2024-05-02,no,0,0,0,0,0,0,0,0,0,0,0,0,0,0,0,0,0,0,0,0,NA,0,Male,Right,64.75290896646133,Black or African - American,Not Hispanic or Latino
1410,MDS_203,2024-05-21,yes,1,1,0,0,0,1,0,0,0,1,1,0,0,0,0,0,0,0,1,0,every_day,10,Female,Left,52.91444216290212,White or Caucasian,Not Hispanic or Latino
777,MDS_032,2023-09-22,yes,0,1,0,0,0,1,0,1,1,1,1,0,0,0,0,0,0,0,1,0,every_day,6,Male,Left,51.723477070499655,Black or African - American,Not Hispanic or Latino
777,MDS_032,2024-08-28,yes,0,0,0,0,0,0,0,0,0,0,0,0,0,0,0,0,0,0,0,0,NA,6,Male,Left,51.723477070499655,Black or African - American,Not Hispanic or Latino
1420,MDS_181,2023-07-06,yes,0,0,0,0,0,0,0,0,0,0,0,0,0,0,0,0,0,0,0,0,NA,0,Female,Right,40.70362765229295,Black or African - American,Not Hispanic or Latino
1419,MDS_214,2024-07-10,no,0,0,0,0,0,0,0,0,0,0,0,0,0,0,0,0,0,0,0,0,NA,0,Male,Both,53.72758384668035,White or Caucasian,Not Hispanic or Latino
1488,MDS_199,2024-01-24,yes,0,0,0,0,0,0,0,0,0,1,0,0,0,0,0,0,0,0,0,0,most_days,2,Female,Left,63.69883641341547,White or Caucasian,Not Hispanic or Latino
1323,MDS_080,2023-12-11,no,0,0,0,0,0,0,0,0,0,0,0,0,0,0,0,0,0,0,0,0,NA,0,Female,Both,38.83367556468173,White or Caucasian,Not Hispanic or Latino
1353,MDS_188,2023-06-06,no,0,0,0,0,0,0,0,0,0,0,0,0,0,0,0,0,0,0,0,0,NA,NA,Male,Both,81.28678986995209,Black or African - American,Not Hispanic or Latino
976,MDS_034,2023-08-18,no,0,0,0,0,0,0,0,0,0,0,0,0,0,0,0,0,0,0,0,0,NA,NA,Male,Right,61.40451745379877,Asian,Not Hispanic or Latino
976,MDS_034,2024-06-14,no,0,0,0,0,0,0,0,0,0,0,0,0,0,0,0,0,0,0,0,0,NA,0,Male,Right,61.40451745379877,Asian,Not Hispanic or Latino
234,MDS_162,2024-03-15,no,0,0,0,0,0,0,0,0,0,0,0,0,0,0,0,0,0,0,0,0,NA,0,Male,Left,58.04791238877481,Black or African - American,Not Hispanic or Latino
1177,MDS_269,2024-07-26,no,0,0,0,0,0,0,0,0,0,0,0,0,0,0,0,0,0,0,0,0,NA,0,Male,Right,61.828884325804246,White or Caucasian,Not Hispanic or Latino
595,MDS_066,2023-12-07,yes,0,0,0,0,0,0,0,0,0,0,0,0,0,0,0,0,0,0,0,0,NA,0,Male,Right,61.661875427789184,Black or African - American,Not Hispanic or Latino
595,MDS_066,2024-10-02,yes,0,0,0,0,0,0,0,0,0,0,1,0,0,0,0,0,0,0,0,0,every_day,6,Male,Right,61.661875427789184,Black or African - American,Not Hispanic or Latino
1444,MDS_229,2023-09-18,yes,0,0,0,1,0,0,0,0,0,0,0,0,1,0,0,0,1,1,0,0,every_day,6,Male,Left,55.57015742642026,Black or African - American,Not Hispanic or Latino
1444,MDS_229,2024-09-04,no,0,0,0,0,0,0,0,0,0,0,0,0,0,0,0,0,0,0,0,0,NA,0,Male,Left,55.57015742642026,Black or African - American,Not Hispanic or Latino
1532,MDS_268,2024-07-16,yes,0,0,0,0,0,0,0,0,1,0,1,0,0,0,0,0,0,0,0,0,every_day,2,Male,Both,69.08692676249144,Black or African - American,Not Hispanic or Latino
1137,MDS_284,2024-10-01,yes,0,0,0,0,0,1,0,0,0,1,0,0,0,0,0,0,0,0,1,0,one_to_three_days,2,Female,Left,63.80287474332649,Black or African - American,Not Hispanic or Latino
1470,MDS_226,2023-11-07,no,0,0,0,0,0,0,0,0,0,0,0,0,0,0,0,0,0,0,0,0,NA,0,Male,Right,54.959616700889804,White or Caucasian,Not Hispanic or Latino
1495,MDS_242,2024-02-12,yes,0,0,0,0,0,0,0,0,0,0,0,0,0,1,1,1,1,1,0,1,most_days,8,Male,Right,80.51471594798083,Black or African - American,Not Hispanic or Latino
1449,MDS_227,2023-09-27,yes,0,0,0,1,0,0,0,1,1,0,1,0,0,0,0,0,0,0,0,0,one_to_three_days,8,Male,Right,49.125256673511295,Black or African - American,Not Hispanic or Latino
1564,MDS_281,2025-04-15,no,0,0,0,0,0,0,0,0,0,0,0,0,0,0,0,0,0,0,0,0,NA,0,NA,NA,NA,NA,NA
1326,MDS_150,2024-03-19,no,0,0,0,0,0,0,0,0,0,0,0,0,0,0,0,0,0,0,0,0,NA,0,Female,Right,75.92607802874743,Black or African - American,Not Hispanic or Latino
1044,MDS_231,2023-09-20,yes,0,0,0,0,0,0,0,0,0,0,0,0,0,0,0,0,0,0,1,0,most_days,4,Male,Left,50.06981519507187,Black or African - American,Not Hispanic or Latino
961,MDS_088,2024-01-08,yes,0,0,0,0,0,1,0,0,1,0,1,0,0,1,0,0,1,1,0,0,every_day,4,Female,Right,74.69404517453799,White or Caucasian,Not Hispanic or Latino
1474,MDS_224,2023-11-08,yes,1,1,0,1,0,0,0,1,0,0,1,0,0,0,0,0,0,0,1,0,every_day,4,Male,Left,68.99383983572895,Black or African - American,Not Hispanic or Latino
1472,MDS_258,2024-05-21,no,0,0,0,0,0,0,0,0,0,0,0,0,0,0,0,0,0,0,0,0,NA,0,Female,Left,49.921971252566735,White or Caucasian,Not Hispanic or Latino
1546,MDS_276,2024-10-11,yes,0,0,0,0,0,0,0,0,0,1,0,0,0,0,1,1,0,0,0,0,less_than_one_day,2,Male,Left,77.07049965776865,White or Caucasian,Not Hispanic or Latino
1010,MDS_035,2023-08-17,yes,0,0,0,0,0,0,0,0,0,0,0,0,0,0,0,0,0,0,1,0,one_to_three_days,4,Female,Left,33.07871321013005,Asian,Not Hispanic or Latino
100,MDS_051,2023-12-20,yes,0,0,0,0,0,0,0,0,1,1,1,0,0,0,0,0,0,0,0,0,most_days,4,Male,Left,57.22108145106092,White or Caucasian,Not Hispanic or Latino
827,MDS_121,2024-01-29,no,0,0,0,0,0,0,0,0,0,0,0,0,0,0,0,0,0,0,0,0,NA,0,Female,Left,60.90896646132786,White or Caucasian,Not Hispanic or Latino
1338,MDS_131,2024-01-18,yes,0,0,0,1,1,0,0,0,0,0,0,0,0,0,0,0,0,0,0,0,most_days,2,Female,Right,0.5256673511293635,White or Caucasian,Not Hispanic or Latino
1245,MDS_019,2024-08-22,yes,0,0,0,0,0,1,0,0,1,1,1,0,0,0,0,0,0,0,1,0,every_day,4,Male,Left,69.06502395619438,White or Caucasian,Not Hispanic or Latino
1291,MDS_271,2024-08-21,no,0,0,0,0,0,0,0,0,0,0,0,0,0,0,0,0,0,0,0,0,NA,0,Male,Left,69.57426420260096,White or Caucasian,Not Hispanic or Latino
1366,MDS_156,2024-03-07,yes,1,0,0,0,0,1,0,1,1,1,0,1,1,1,1,1,0,0,0,0,most_days,2,Female,Both,44.39972621492129,White or Caucasian,Not Hispanic or Latino
1272,MDS_096,2023-12-08,yes,0,0,0,0,0,0,0,0,0,0,0,0,1,0,0,0,0,0,0,0,every_day,2,Male,Right,68.8186173853525,Black or African - American,Not Hispanic or Latino
649,MDS_200,2023-06-15,no,0,0,0,0,0,0,0,0,0,0,0,0,0,0,0,0,0,0,0,0,NA,NA,Female,Right,79.94798083504449,White or Caucasian,Not Hispanic or Latino
649,MDS_200,2024-06-06,no,0,0,0,0,0,0,0,0,0,0,0,0,0,0,0,0,0,0,0,0,NA,0,Female,Right,79.94798083504449,White or Caucasian,Not Hispanic or Latino
58,MDS_008,2024-04-29,yes,0,0,0,1,0,0,0,1,1,0,1,0,0,0,0,0,0,0,0,0,every_day,2,Male,Left,59.07460643394935,Other,Hispanic or Latino (indicate race below as 'Other')
1271,MDS_003,2024-05-20,no,0,0,0,0,0,0,0,0,0,0,0,0,0,0,0,0,0,0,0,0,NA,0,Male,Right,71.39219712525667,White or Caucasian,Not Hispanic or Latino
1430,MDS_213,2023-07-26,yes,0,0,0,0,0,0,0,0,0,0,0,0,0,0,0,0,0,0,0,0,NA,0,Male,Left,53.44832306639288,White or Caucasian,Not Hispanic or Latino
1473,MDS_223,2023-11-03,yes,0,0,0,1,1,0,0,0,0,0,1,0,0,0,0,0,1,1,0,1,every_day,8,Male,Left,48.38329911019849,White or Caucasian,Not Hispanic or Latino
728,MDS_040,2023-11-27,no,0,0,0,0,0,0,0,0,0,0,0,0,0,0,0,0,0,0,0,0,NA,0,Male,Left,67.93429158110882,White or Caucasian,Not Hispanic or Latino
728,MDS_040,2024-06-03,no,0,0,0,0,0,0,0,0,0,0,0,0,0,0,0,0,0,0,0,0,NA,0,Male,Left,67.93429158110882,White or Caucasian,Not Hispanic or Latino
1305,MDS_090,2024-02-06,no,0,0,0,0,0,0,0,0,0,0,0,0,0,0,0,0,0,0,0,0,NA,0,Female,Left,53.23477070499658,White or Caucasian,Not Hispanic or Latino
1305,MDS_090,2024-08-05,no,0,0,0,0,0,0,0,0,0,0,0,0,0,0,0,0,0,0,0,0,NA,0,Female,Left,53.23477070499658,White or Caucasian,Not Hispanic or Latino
1493,MDS_235,2024-02-02,yes,0,0,0,1,0,0,0,0,0,0,0,0,0,0,0,0,0,0,1,0,most_days,6,Male,Right,70.54346338124572,Black or African - American,Not Hispanic or Latino
1355,MDS_132,2024-01-22,no,0,0,0,0,0,0,0,0,0,0,0,0,0,0,0,0,0,0,0,0,NA,0,Male,Right,41.842573579739906,Black or African - American,Not Hispanic or Latino
1075,MDS_265,2024-07-01,no,0,0,0,0,0,0,0,0,0,0,0,0,0,0,0,0,0,0,0,0,NA,0,Female,Left,57.69472963723477,White or Caucasian,Not Hispanic or Latino
1484,MDS_239,2023-12-29,no,0,0,0,0,0,0,0,0,0,0,0,0,0,0,0,0,0,0,0,0,NA,0,Male,,41.53593429158111,White or Caucasian,Not Hispanic or Latino
935,MDS_029,2023-08-03,yes,0,0,0,0,0,1,0,1,1,1,1,0,0,0,0,0,0,0,1,0,every_day,6,Male,Right,77.97672826830937,White or Caucasian,Not Hispanic or Latino
1388,MDS_244,2024-02-22,yes,0,0,1,0,0,0,0,0,0,1,0,0,0,0,0,0,0,0,0,0,one_to_three_days,6,Female,Right,60.99110198494182,White or Caucasian,Not Hispanic or Latino
419,MDS_221,2023-08-10,yes,1,1,1,1,1,1,1,1,1,1,1,0,0,0,0,0,0,0,1,0,every_day,8,Male,Right,54.157426420260094,Black or African - American,Not Hispanic or Latino
1220,MDS_089,2024-01-08,yes,1,0,0,0,0,0,0,1,0,0,1,0,0,0,0,0,1,1,0,0,less_than_one_day,8,Female,Right,42.0041067761807,Black or African - American,Not Hispanic or Latino
1406,MDS_194,2024-07-19,no,0,0,0,0,0,0,0,0,0,0,0,0,0,0,0,0,0,0,0,0,NA,0,Male,Right,63.67967145790554,White or Caucasian,Not Hispanic or Latino
1465,MDS_193,2023-10-13,no,0,0,0,0,0,0,0,0,0,0,0,0,0,0,0,0,0,0,0,0,NA,0,Female,Both,26.261464750171115,White or Caucasian,Not Hispanic or Latino
1568,MDS_287,2025-03-14,no,0,0,0,0,0,0,0,0,0,0,0,0,0,0,0,0,0,0,0,0,NA,0,NA,NA,NA,NA,NA
1336,MDS_211,2023-06-26,yes,0,0,0,0,0,0,0,0,1,0,0,0,0,0,0,0,0,0,0,0,every_day,6,Female,Left,33.95482546201232,Black or African - American,Not Hispanic or Latino
603,MDS_039,2023-08-04,no,0,0,0,0,0,0,0,0,0,0,0,0,0,0,0,0,0,0,0,0,NA,NA,Female,Left,66.9514031485284,Black or African - American,Not Hispanic or Latino
603,MDS_039,2024-07-29,yes,0,0,0,0,0,1,0,0,0,1,0,0,0,0,0,0,0,0,1,0,most_days,6,Female,Left,66.9514031485284,Black or African - American,Not Hispanic or Latino
1151,MDS_184,2024-04-12,no,0,0,0,0,0,0,0,0,0,0,0,0,0,0,0,0,0,0,0,0,NA,0,Female,Right,35.44421629021218,Black or African - American,Not Hispanic or Latino
1398,MDS_183,2024-06-14,no,0,0,0,0,0,0,0,0,0,0,0,0,0,0,0,0,0,0,0,0,NA,0,Male,Right,57.90554414784394,Black or African - American,Not Hispanic or Latino
182,MDS_137,2024-01-18,no,0,0,0,0,0,0,0,0,0,0,0,0,0,0,0,0,0,0,0,0,NA,0,Male,Left,68.15879534565366,White or Caucasian,Not Hispanic or Latino
1516,MDS_273,2024-08-09,yes,0,0,0,0,0,1,0,0,0,0,0,0,0,0,0,0,0,0,1,0,one_to_three_days,2,Male,Left,46.17385352498289,Black or African - American,Not Hispanic or Latino
941,MDS_055,2023-09-13,yes,0,0,0,0,0,0,0,0,1,1,0,0,0,0,0,0,0,0,0,0,one_to_three_days,8,Male,Left,43.82477754962355,White or Caucasian,Not Hispanic or Latino
1408,MDS_197,2024-06-26,yes,1,0,0,0,0,0,0,0,0,0,0,0,0,0,0,0,0,0,0,0,every_day,6,Male,Both,74.78165639972622,White or Caucasian,Not Hispanic or Latino
1319,MDS_108,2024-01-03,yes,0,0,0,0,0,0,0,0,1,0,1,0,0,1,0,0,1,1,0,0,every_day,8,Male,Both,70.22313483915127,White or Caucasian,Not Hispanic or Latino
250,MDS_070,2024-02-08,no,0,0,0,0,0,0,0,0,0,0,0,0,0,0,0,0,0,0,0,0,NA,0,Male,Right,22.168377823408623,Black or African - American,Not Hispanic or Latino
1314,MDS_106,2023-11-29,yes,0,0,0,0,0,1,0,0,0,1,0,0,0,0,0,0,0,0,1,0,most_days,6,Male,Right,50.65845311430527,White or Caucasian,Not Hispanic or Latino
665,MDS_043,2023-11-14,yes,0,0,0,0,0,1,0,1,1,1,0,0,0,0,0,0,0,0,1,0,most_days,4,Male,Right,55.95893223819302,White or Caucasian,Not Hispanic or Latino
665,MDS_043,2024-06-03,yes,0,0,0,1,0,0,0,0,0,0,0,0,0,0,0,0,0,0,1,0,most_days,2,Male,Right,55.95893223819302,White or Caucasian,Not Hispanic or Latino
1259,MDS_005,2024-05-13,no,0,0,0,0,0,0,0,0,0,0,0,0,0,0,0,0,0,0,0,0,NA,0,Male,Left,56.98015058179329,White or Caucasian,Not Hispanic or Latino
1443,MDS_207,2023-09-11,yes,0,0,0,1,0,1,0,1,1,1,1,0,0,0,0,0,0,0,1,0,most_days,6,Male,Left,62.913073237508556,Black or African - American,Not Hispanic or Latino
1280,MDS_022,2023-06-07,no,0,0,0,0,0,0,0,0,0,0,0,0,0,0,0,0,0,0,0,0,NA,0,Male,Left,32.0082135523614,White or Caucasian,Not Hispanic or Latino
1538,MDS_285,2024-10-24,yes,0,0,0,0,0,1,0,1,0,0,1,0,1,0,0,0,1,1,1,0,most_days,6,Male,Right,55.80287474332649,Black or African - American,Not Hispanic or Latino
1222,MDS_037,2024-01-24,yes,1,1,0,1,1,1,0,0,1,1,1,0,0,0,0,0,0,0,1,0,every_day,6,Female,Left,34.78165639972622,White or Caucasian,Not Hispanic or Latino
1222,MDS_037,2024-09-11,yes,0,0,0,0,0,1,0,0,0,1,1,0,0,0,0,0,0,0,1,0,most_days,6,Female,Left,34.78165639972622,White or Caucasian,Not Hispanic or Latino
1308,MDS_093,2023-12-01,yes,0,0,0,0,0,0,0,1,0,0,1,0,0,0,0,0,0,0,0,0,most_days,4,Male,Right,71.69062286105407,Black or African - American,Not Hispanic or Latino
1058,MDS_256,2024-07-25,no,0,0,0,0,0,0,0,0,1,0,0,0,0,1,0,0,0,0,0,0,every_day,0,Male,Left,71.72073921971253,White or Caucasian,Not Hispanic or Latino
1288,MDS_045,2024-01-05,no,0,0,0,0,0,0,0,0,0,0,0,0,0,0,0,0,0,0,0,0,NA,0,Female,Left,26.412046543463383,Black or African - American,Not Hispanic or Latino
855,MDS_148,2024-01-12,yes,0,0,0,0,0,1,0,1,1,1,1,0,0,0,0,0,0,0,0,0,most_days,8,Male,Right,62.78165639972622,White or Caucasian,Not Hispanic or Latino
1129,MDS_127,2024-01-05,yes,0,0,0,0,0,0,0,1,1,0,1,0,0,0,0,0,0,0,1,1,every_day,8,Male,Right,58.072553045859,White or Caucasian,Not Hispanic or Latino
778,MDS_238,2024-01-26,yes,0,0,0,0,0,1,0,1,1,1,0,0,0,0,0,0,0,0,1,1,every_day,6,Male,Right,50.340862422997944,White or Caucasian,Not Hispanic or Latino
294,MDS_009,2024-05-07,yes,0,1,0,1,0,1,0,0,0,1,0,0,0,0,0,0,0,0,1,0,most_days,4,Male,Both,48.57221081451061,Black or African - American,Not Hispanic or Latino
1514,MDS_267,2024-06-27,no,0,0,0,0,0,0,0,0,0,0,0,0,0,0,0,0,0,0,0,0,NA,0,Male,Left,48.446269678302535,White or Caucasian,Not Hispanic or Latino
1324,MDS_117,2023-12-01,yes,0,0,0,1,0,1,0,1,0,1,0,0,0,0,0,0,0,0,1,0,most_days,4,Female,Left,39.78370978781656,Black or African - American,Not Hispanic or Latino
1376,MDS_205,2023-06-20,yes,0,0,1,0,0,1,0,0,1,0,0,0,0,0,0,0,0,0,1,0,every_day,6,Male,Left,63.15400410677618,White or Caucasian,Not Hispanic or Latino
1376,MDS_205,2024-06-07,yes,0,0,0,0,0,1,0,1,1,1,1,0,0,0,0,0,0,0,1,0,every_day,8,Male,Left,63.15400410677618,White or Caucasian,Not Hispanic or Latino
1289,MDS_044,2023-09-29,yes,0,0,0,0,0,0,0,0,0,0,0,0,0,0,0,0,0,0,0,0,NA,0,Male,Right,45.23203285420944,White or Caucasian,Not Hispanic or Latino
1289,MDS_044,2024-06-28,no,0,0,0,0,0,0,0,0,0,0,0,0,0,0,0,0,0,0,0,0,NA,0,Male,Right,45.23203285420944,White or Caucasian,Not Hispanic or Latino
1529,MDS_263,2024-06-14,no,0,0,0,0,0,0,0,0,0,0,0,0,0,0,0,0,0,0,0,0,NA,0,Male,Left,74.41752224503765,White or Caucasian,Not Hispanic or Latino
1382,MDS_173,2024-04-19,yes,1,1,0,0,0,1,1,0,0,1,0,0,0,0,0,0,0,0,1,0,one_to_three_days,10,Female,Right,57.295003422313485,White or Caucasian,Not Hispanic or Latino
832,MDS_163,2024-03-25,no,0,0,0,0,0,0,0,0,0,0,0,0,0,0,0,0,0,0,0,0,NA,0,Male,Both,77.79603011635866,White or Caucasian,Not Hispanic or Latino
1511,MDS_240,2024-04-05,no,0,0,0,0,0,0,0,0,0,0,0,0,0,0,0,0,0,0,0,0,NA,0,Male,Right,49.35797399041752,Black or African - American,Not Hispanic or Latino
1461,MDS_220,2023-10-12,yes,0,0,0,1,0,1,0,1,1,0,1,0,0,0,0,0,0,0,0,0,less_than_one_day,4,Male,Right,51.19780971937029,Black or African - American,Not Hispanic or Latino
1461,MDS_220,2024-09-05,yes,0,0,0,0,0,0,0,1,0,0,0,0,0,0,0,0,0,0,0,0,every_day,2,Male,Right,51.19780971937029,Black or African - American,Not Hispanic or Latino
1347,MDS_144,2024-01-22,yes,1,0,0,0,0,0,0,0,0,0,0,0,0,0,0,0,0,0,0,0,every_day,4,Female,Both,46.76249144421629,White or Caucasian,Not Hispanic or Latino
1527,MDS_259,2024-05-31,no,0,0,0,0,0,0,0,0,0,0,0,0,0,0,0,0,0,0,0,0,NA,0,Male,Left,72.85420944558521,White or Caucasian,Not Hispanic or Latino
NA,MDS_279,2025-04-23,yes,0,1,0,1,0,1,1,1,1,1,1,0,0,0,0,0,0,0,1,0,most_days,6,NA,NA,NA,NA,NA
1077,MDS_074,2023-10-31,yes,0,0,0,0,0,0,0,0,1,0,1,0,0,0,0,0,0,0,0,0,one_to_three_days,6,Male,Right,41.489390828199866,White or Caucasian,Not Hispanic or Latino
1269,MDS_270,2024-07-24,yes,1,0,0,0,0,0,0,0,0,0,0,0,0,0,0,0,0,0,0,0,every_day,6,Male,Right,59.35386721423682,Black or African - American,Not Hispanic or Latino
1436,MDS_222,2023-08-07,yes,0,0,0,0,0,0,0,0,0,0,0,0,0,0,0,0,0,0,1,1,one_to_three_days,4,Male,Left,51.90691307323751,Black or African - American,Not Hispanic or Latino
1475,MDS_228,2023-11-10,yes,0,0,0,0,0,1,0,0,1,1,0,0,0,0,0,0,0,0,0,0,every_day,6,Female,Left,47.10746064339494,Black or African - American,Not Hispanic or Latino
1448,MDS_201,2023-09-27,yes,0,0,0,0,0,0,0,0,0,0,1,0,0,0,0,0,0,0,0,0,most_days,6,Male,Both,49.9192334017796,Black or African - American,Not Hispanic or Latino
1404,MDS_149,2024-05-29,yes,0,1,0,0,0,0,0,0,1,1,0,0,0,0,0,0,0,0,1,0,every_day,8,Female,Right,51.49897330595483,Black or African - American,Not Hispanic or Latino
1321,MDS_110,2023-11-09,yes,0,1,0,0,0,1,0,0,0,0,0,0,0,0,0,0,0,0,1,0,one_to_three_days,2,Male,Right,52.167008898015055,Other,Hispanic or Latino (indicate race below as 'Other')
1321,MDS_110,2024-10-03,yes,0,0,0,0,0,0,0,0,0,0,1,0,0,0,0,0,0,0,1,0,one_to_three_days,2,Male,Right,52.167008898015055,Other,Hispanic or Latino (indicate race below as 'Other')
1452,MDS_216,2023-10-23,yes,0,0,0,0,0,1,0,0,1,1,1,0,0,0,0,0,0,0,1,0,one_to_three_days,8,Male,Left,51.36755646817249,Black or African - American,Not Hispanic or Latino
1457,MDS_232,2023-10-19,yes,0,0,0,0,0,0,0,0,0,0,0,0,0,0,0,0,0,0,1,0,every_day,6,Male,Right,50.36824093086927,Black or African - American,Not Hispanic or Latino
1361,MDS_140,2024-01-30,no,0,0,0,0,0,0,0,0,0,0,0,0,0,0,0,0,0,0,0,0,NA,0,Female,Left,69.27857631759069,White or Caucasian,Not Hispanic or Latino
1375,MDS_168,2024-04-15,yes,0,0,0,0,0,0,0,0,0,0,0,0,0,0,0,0,0,0,0,0,NA,0,Male,Left,67.02532511978097,White or Caucasian,Not Hispanic or Latino
1170,MDS_085,2023-10-31,yes,0,0,0,0,0,1,0,1,1,1,0,0,0,0,0,0,0,0,0,0,every_day,4,Female,Right,61.19644079397673,White or Caucasian,Not Hispanic or Latino
1170,MDS_085,2024-08-13,yes,0,1,0,0,0,1,0,0,1,1,1,0,0,0,0,0,0,0,1,0,every_day,4,Female,Right,61.19644079397673,White or Caucasian,Not Hispanic or Latino
1531,MDS_248,2024-07-02,no,0,0,0,0,0,0,0,0,0,0,0,0,0,0,0,0,0,0,0,0,NA,0,Female,Right,86.53251197809719,White or Caucasian,Not Hispanic or Latino
1407,MDS_191,2024-05-06,no,0,0,0,0,0,0,0,0,0,0,0,0,0,0,0,0,0,0,0,0,NA,0,Male,Left,75.11567419575633,White or Caucasian,Not Hispanic or Latino
471,MDS_026,2023-07-12,yes,0,0,0,0,0,1,0,1,1,0,1,0,0,0,0,0,0,0,0,0,less_than_one_day,8,Female,Right,48.84325804243669,Black or African - American,Not Hispanic or Latino
471,MDS_026,2024-07-03,no,0,0,0,0,0,0,0,0,0,0,0,0,0,0,0,0,0,0,0,0,NA,0,Female,Right,48.84325804243669,Black or African - American,Not Hispanic or Latino
1432,MDS_219,2023-07-27,yes,0,0,0,0,0,1,0,0,1,1,1,0,0,0,0,0,0,0,1,0,most_days,8,Female,Left,55.644079397672826,Black or African - American,Not Hispanic or Latino
1320,MDS_109,2023-12-06,yes,0,0,0,0,0,0,0,0,0,0,1,0,0,0,0,0,1,1,0,0,every_day,8,Female,Right,40.19438740588638,Black or African - American,Not Hispanic or Latino
1517,MDS_237,2024-04-23,yes,0,0,0,1,0,0,0,0,0,0,1,0,0,0,0,0,1,1,0,0,most_days,6,Male,Right,69.46475017111567,Black or African - American,Not Hispanic or Latino
238,MDS_198,2024-05-10,no,0,0,0,0,0,0,0,0,0,0,0,0,0,0,0,0,0,0,0,0,NA,0,Female,Right,48.407939767282684,Black or African - American,Not Hispanic or Latino
1112,MDS_076,2023-12-04,yes,0,0,0,1,0,0,0,1,0,0,0,1,1,0,0,0,0,0,0,1,every_day,6,Female,Right,62.5845311430527,White or Caucasian,Not Hispanic or Latino
1535,MDS_282,2024-09-24,yes,0,0,0,0,0,0,0,0,0,1,0,0,0,0,0,0,0,0,0,0,one_to_three_days,8,Male,Right,64.24366872005476,Black or African - American,Not Hispanic or Latino
1526,MDS_274,2024-09-13,yes,0,0,0,0,0,0,0,0,0,0,0,0,0,0,0,0,0,0,0,0,NA,0,Male,Right,44.2217659137577,White or Caucasian,Not Hispanic or Latino
1076,MDS_012,2023-09-06,no,0,0,0,0,0,0,0,0,0,0,0,0,0,0,0,0,0,0,0,0,NA,0,Male,Right,60.39972621492129,White or Caucasian,Not Hispanic or Latino
1076,MDS_012,2024-04-25,no,0,0,0,0,0,0,0,0,0,0,0,0,0,0,0,0,0,0,0,0,NA,0,Male,Right,60.39972621492129,White or Caucasian,Not Hispanic or Latino
1337,MDS_141,2024-01-11,yes,0,0,0,0,0,0,0,1,0,0,0,0,0,0,0,0,0,0,1,0,most_days,4,Female,Right,57.23477070499658,White or Caucasian,Not Hispanic or Latino
632,MDS_041,2023-08-22,no,0,0,0,0,0,0,0,0,0,0,0,0,0,0,0,0,0,0,0,0,NA,NA,Female,Right,61.711156741957566,Black or African - American,Not Hispanic or Latino
980,MDS_077,2023-10-11,yes,0,0,0,0,0,1,0,0,1,0,1,0,0,0,0,0,0,0,0,0,every_day,2,Male,Both,53.9192334017796,White or Caucasian,Not Hispanic or Latino
1378,MDS_175,2024-04-26,yes,0,1,0,0,0,1,0,1,1,1,1,0,0,0,0,0,0,0,1,0,every_day,8,Male,Right,45.686516084873375,White or Caucasian,Not Hispanic or Latino
1530,MDS_254,2024-07-02,no,0,0,0,0,0,0,0,0,0,0,0,0,0,0,0,0,0,0,0,0,NA,0,Male,Unknown,77.85626283367556,White or Caucasian,Not Hispanic or Latino
901,MDS_059,2024-06-28,yes,0,1,0,1,1,1,0,1,1,1,1,0,0,0,0,0,0,0,1,0,most_days,6,Female,Left,35.10746064339494,White or Caucasian,Not Hispanic or Latino
185,MDS_078,2023-10-10,yes,0,0,0,0,0,1,0,0,0,0,1,0,1,0,0,0,0,0,1,0,every_day,6,Female,Left,40.30116358658453,Black or African - American,Not Hispanic or Latino
052,MDS_083,2024-10-11,yes,0,0,0,0,0,0,0,0,0,1,0,0,0,0,0,0,0,0,0,0,less_than_one_day,0,NA,NA,NA,NA,NA
930,MDS_073,2023-11-06,yes,0,0,0,0,0,0,0,0,0,0,0,0,0,0,0,0,0,0,1,0,every_day,2,Female,Right,54.119096509240244,Black or African - American,Not Hispanic or Latino
1525,MDS_261,2024-07-09,yes,0,0,0,0,0,1,0,0,0,0,1,1,0,0,0,0,0,0,0,1,every_day,2,Male,Both,29.99041752224504,More than One Race,Hispanic or Latino (indicate race below as 'Other')
1534,MDS_266,2024-07-22,no,0,0,0,0,0,0,0,0,0,0,0,0,0,0,0,0,0,0,0,0,NA,0,Female,Both,67.93702943189597,White or Caucasian,Not Hispanic or Latino
1343,MDS_147,2024-01-23,yes,1,1,0,0,0,1,1,1,1,1,1,0,0,0,0,0,0,0,1,0,every_day,4,Male,Right,NA,Black or African - American,Not Hispanic or Latino
1369,MDS_159,2024-03-29,yes,0,0,0,0,0,1,0,0,0,0,0,0,0,0,0,0,0,0,1,0,less_than_one_day,2,Male,Right,55.34565366187543,White or Caucasian,Not Hispanic or Latino
1467,MDS_209,2023-10-18,yes,0,0,0,0,0,1,0,0,0,0,0,0,0,0,0,0,0,0,0,0,one_to_three_days,NA,Male,Left,70.94592744695414,White or Caucasian,Not Hispanic or Latino
1424,MDS_206,2023-07-17,yes,0,0,0,0,0,0,0,0,0,0,0,0,0,0,0,0,0,0,0,0,NA,0,Female,Right,65.90006844626969,White or Caucasian,Not Hispanic or Latino
1230,MDS_255,2024-05-06,yes,0,0,0,0,0,1,0,0,1,1,0,0,0,0,0,0,0,0,0,0,most_days,4,Male,Left,44.39972621492129,Black or African - American,Not Hispanic or Latino
1439,MDS_225,2023-08-21,yes,0,0,0,0,0,1,0,0,0,0,0,0,0,0,0,0,0,0,1,0,every_day,4,Male,Right,78.11635865845311,White or Caucasian,Not Hispanic or Latino
1136,MDS_104,2024-09-10,yes,0,0,0,0,0,0,0,1,0,1,1,0,0,0,0,0,0,0,0,0,less_than_one_day,2,Male,Both,41.99315537303217,White or Caucasian,Not Hispanic or Latino
811,MDS_112,2023-12-11,no,0,0,0,0,0,0,0,0,0,0,0,0,0,0,0,0,0,0,0,0,NA,0,Male,Left,50.49144421629021,White or Caucasian,Not Hispanic or Latino
1540,MDS_275,2024-08-29,yes,0,0,0,1,0,0,0,0,0,0,1,0,0,0,0,0,0,0,0,0,one_to_three_days,4,Female,Unknown,NA,Black or African - American,Not Hispanic or Latino
1463,MDS_195,2023-10-13,no,0,0,0,0,0,0,0,0,0,0,0,0,0,0,0,0,0,0,0,0,NA,0,Female,Left,64.18343600273785,White or Caucasian,Not Hispanic or Latino
9,MDS_069,2024-08-28,no,0,0,0,0,0,0,0,0,0,0,0,0,0,0,0,0,0,0,0,0,NA,0,Female,Left,57.921971252566735,White or Caucasian,Not Hispanic or Latino
1384,MDS_187,2024-04-08,yes,0,1,0,0,0,1,0,0,0,1,0,0,0,0,0,0,0,0,1,1,every_day,6,Male,Both,48.251882272416154,White or Caucasian,Not Hispanic or Latino
